-- phpMyAdmin SQL Dump
-- version 4.6.4
-- https://www.phpmyadmin.net/
--
-- Host: 127.0.0.1
-- Generation Time: Jan 29, 2018 at 04:22 AM
-- Server version: 5.7.14
-- PHP Version: 5.6.25

SET SQL_MODE = "NO_AUTO_VALUE_ON_ZERO";
SET time_zone = "+00:00";


/*!40101 SET @OLD_CHARACTER_SET_CLIENT=@@CHARACTER_SET_CLIENT */;
/*!40101 SET @OLD_CHARACTER_SET_RESULTS=@@CHARACTER_SET_RESULTS */;
/*!40101 SET @OLD_COLLATION_CONNECTION=@@COLLATION_CONNECTION */;
/*!40101 SET NAMES utf8mb4 */;

--
-- Database: `nice_db`
--
CREATE DATABASE IF NOT EXISTS `nice_db` DEFAULT CHARACTER SET latin1 COLLATE latin1_swedish_ci;
USE `nice_db`;

DELIMITER $$
--
-- Procedures
--
DROP PROCEDURE IF EXISTS `common_search_ksa`$$
CREATE DEFINER=`root`@`localhost` PROCEDURE `common_search_ksa` (IN `knowledge_in` VARCHAR(200))  NO SQL
SELECT `ksa_id`,`ksa_statement`,`ksa_competency` FROM `ksa` WHERE (CONVERT(`ksa_statement` USING utf8) REGEXP knowledge_in OR CONVERT(`ksa_competency` USING utf8) REGEXP knowledge_in)$$

DROP PROCEDURE IF EXISTS `common_search_task`$$
CREATE DEFINER=`root`@`localhost` PROCEDURE `common_search_task` (IN `knowledge_in` VARCHAR(200))  NO SQL
SELECT * FROM `task` WHERE (CONVERT(`task_statement` USING utf8) REGEXP knowledge_in)$$

--
-- Functions
--
DROP FUNCTION IF EXISTS `insert_knowledge`$$
CREATE DEFINER=`root`@`localhost` FUNCTION `insert_knowledge` (`input_know` VARCHAR(200), `input_ksa` JSON, `input_task` JSON, `view_name` VARCHAR(200)) RETURNS TINYINT(4) MODIFIES SQL DATA
IF knowledge_exist(input_know) THEN
   return false;
ELSE
   INSERT INTO `knowledge`(`know_statement`,`ksas`,`tasks`,`know_view`) VALUES 
        (input_know, input_ksa, input_task,view_name);
   RETURN true;
end if$$

DROP FUNCTION IF EXISTS `knowledge_exist`$$
CREATE DEFINER=`root`@`localhost` FUNCTION `knowledge_exist` (`input_know` VARCHAR(200)) RETURNS TINYINT(4) READS SQL DATA
BEGIN
  DECLARE
    num_found INT DEFAULT 0;
  SELECT
    COUNT(*)
  INTO
    num_found
  FROM
    `knowledge`
  WHERE
    (
      CONVERT(`know_id` USING utf8) REGEXP input_know OR CONVERT(`know_statement` USING utf8) REGEXP input_know
    ); IF num_found > 0 THEN RETURN TRUE; ELSE RETURN FALSE;
END IF;
END$$

DELIMITER ;

-- --------------------------------------------------------

--
-- Table structure for table `admin`
--
-- Creation: Sep 29, 2017 at 02:24 PM
--

DROP TABLE IF EXISTS `admin`;
CREATE TABLE IF NOT EXISTS `admin` (
  `admin_id` int(20) NOT NULL,
  `admin_name` int(50) NOT NULL,
  `admin_pass` int(30) NOT NULL,
  PRIMARY KEY (`admin_id`)
) ENGINE=InnoDB DEFAULT CHARSET=latin1;

-- --------------------------------------------------------

--
-- Table structure for table `category`
--
-- Creation: Sep 29, 2017 at 01:43 PM
--

DROP TABLE IF EXISTS `category`;
CREATE TABLE IF NOT EXISTS `category` (
  `cat_id` int(10) NOT NULL,
  `cat_title` varchar(30) NOT NULL,
  `cat_description` text NOT NULL,
  PRIMARY KEY (`cat_id`)
) ENGINE=InnoDB DEFAULT CHARSET=latin1;

--
-- Dumping data for table `category`
--

INSERT INTO `category` (`cat_id`, `cat_title`, `cat_description`) VALUES
(1, 'Security Provision', 'Specialty Areas responsible for conceptualizing, designing, and building secure information technology (IT) systems, with responsibility for some aspect of the systems\' development.'),
(2, 'Operate and Maintain', 'Specialty Areas responsible for providing the support, administration, and maintenance necessary to ensure effective and efficient information technology (IT) system performance and security'),
(3, 'Protect and Defend', 'Specialty Areas responsible for identifying, analyzing, and mitigating threats to internal information technology (IT) systems or networks'),
(4, 'Investigate', 'Specialty Areas responsible for investigating cyber events or crimes related to information technology (IT) systems, networks, and digital evidence'),
(5, 'Oversee and Govern', 'Specialty Areas responsible for providing leadership, management, direction, or development and advocacy so the organization may effectively conduct cybersecurity work');

-- --------------------------------------------------------

--
-- Table structure for table `educator`
--
-- Creation: Sep 29, 2017 at 02:41 PM
--

DROP TABLE IF EXISTS `educator`;
CREATE TABLE IF NOT EXISTS `educator` (
  `educator_id` int(15) NOT NULL,
  `educator_name` varchar(40) NOT NULL,
  `educator_pass` varchar(20) NOT NULL,
  PRIMARY KEY (`educator_id`),
  UNIQUE KEY `educator_name` (`educator_name`)
) ENGINE=InnoDB DEFAULT CHARSET=latin1;

--
-- Dumping data for table `educator`
--

INSERT INTO `educator` (`educator_id`, `educator_name`, `educator_pass`) VALUES
(1, 'NICEeducator', 'Dubai9$');

-- --------------------------------------------------------

--
-- Stand-in structure for view `generic_ksa`
-- (See below for the actual view)
--
DROP VIEW IF EXISTS `generic_ksa`;
CREATE TABLE IF NOT EXISTS `generic_ksa` (
`ksa_id` int(15)
,`ksa_statement` text
,`ksa_competency` text
);

-- --------------------------------------------------------

--
-- Table structure for table `job_sample`
--
-- Creation: Oct 10, 2017 at 10:41 PM
--

DROP TABLE IF EXISTS `job_sample`;
CREATE TABLE IF NOT EXISTS `job_sample` (
  `job_id` int(20) NOT NULL,
  `job_title` varchar(150) NOT NULL,
  PRIMARY KEY (`job_id`),
  UNIQUE KEY `job_title` (`job_title`),
  KEY `job_title_2` (`job_title`)
) ENGINE=InnoDB DEFAULT CHARSET=latin1;

--
-- Dumping data for table `job_sample`
--

INSERT INTO `job_sample` (`job_id`, `job_title`) VALUES
(156, 'Accreditor'),
(5, 'Analyst Programmer'),
(157, 'Analyst/Manager'),
(36, 'Application Security Tester'),
(158, 'Auditor'),
(159, 'Authorizing Official Designated Representative'),
(107, 'Blue Team Technician'),
(29, 'Business Analyst'),
(169, 'Business Intelligence Manager'),
(30, 'Business Process Analyst'),
(64, 'Cabling Technician'),
(27, 'Capabilities and Development Specialist'),
(160, 'Certification Agent'),
(108, 'Certified TEMPEST Professional'),
(109, 'Certified TEMPEST Technical Authority'),
(161, 'Certifying Official'),
(28, 'Chief Engineer'),
(134, 'Chief Information Officer (CIO)'),
(1, 'Chief Information Security Officer (CISO)'),
(110, 'Close Access Technician'),
(135, 'Command Information Officer'),
(148, 'Common Control Provider'),
(112, 'Compliance Manager'),
(96, 'Computer Crime Investigator'),
(123, 'Computer Forensic Analyst'),
(87, 'Computer Network Defense (CND) Analyst (Cryptologic)'),
(111, 'Computer Network Defense (CND) Auditor'),
(124, 'Computer Network Defense (CND) Forensic Analyst'),
(6, 'Computer Programmer'),
(57, 'Computer Support Specialist'),
(31, 'Computer Systems Analyst'),
(7, 'Configuration Manager'),
(170, 'Content Administrator'),
(47, 'Content Staging Specialist'),
(2, 'Contracting Officer (CO)'),
(3, 'Contracting Officer Technical Representative (COTR)'),
(65, 'Converged Network Engineer'),
(58, 'Customer Support'),
(139, 'Cyber Trainer'),
(88, 'Cybersecurity Intelligence Analyst'),
(149, 'Cybersecurity Officer'),
(48, 'Data Architect'),
(49, 'Data Custodian'),
(50, 'Data Manager'),
(51, 'Data Warehouse Specialist'),
(52, 'Database Administrator'),
(53, 'Database Developer'),
(8, 'Database Developer/Engineer/Architect'),
(54, 'Database Engineer/Architect'),
(162, 'Designated Accrediting Authority'),
(125, 'Digital Forensic Examiner'),
(126, 'Digital Media Collector'),
(171, 'Document Steward'),
(89, 'Enterprise Network Defense (END) Analyst'),
(150, 'Enterprise Security Officer'),
(113, 'Ethical Hacker'),
(151, 'Facility Security Officer'),
(43, 'Firewall Engineer'),
(90, 'Focused Operations Analyst'),
(127, 'Forensic Analyst'),
(128, 'Forensic Analyst (Cryptologic)'),
(129, 'Forensic Technician'),
(172, 'Freedom of Information Act Official'),
(114, 'Governance Manager'),
(59, 'Help Desk Representative'),
(32, 'Human Factors Engineer'),
(91, 'Incident Analyst'),
(97, 'Incident Handler'),
(98, 'Incident Responder'),
(99, 'Incident Response Analyst'),
(100, 'Incident Response Coordinator'),
(19, 'Information Assurance (IA) Architect'),
(163, 'Information Assurance (IA) Auditor'),
(164, 'Information Assurance (IA) Compliance '),
(44, 'Information Assurance (IA) Developer'),
(9, 'Information Assurance (IA) Engineer'),
(142, 'Information Assurance (IA) Manager'),
(165, 'Information Assurance (IA) Officer'),
(79, 'Information Assurance (IA) Operational Engineer'),
(143, 'Information Assurance (IA) Program Manager'),
(80, 'Information Assurance (IA) Security Officer'),
(10, 'Information Assurance (IA) Software Developer'),
(11, 'Information Assurance (IA) Software Engineer'),
(55, 'Information Dissemination Manager'),
(173, 'Information Manager'),
(174, 'Information Owner'),
(175, 'Information Resources Manager'),
(81, 'Information Security Analyst/Administrator'),
(20, 'Information Security Architect'),
(115, 'Information Security Engineer'),
(82, 'Information Security Manager'),
(136, 'Information Security Policy Analyst'),
(137, 'Information Security Policy Manager'),
(144, 'Information Security Program Manager'),
(83, 'Information Security Specialist'),
(140, 'Information Security Trainer'),
(21, 'Information Systems Security Engineer'),
(84, 'Information Systems Security Manager'),
(145, 'Information Systems Security Manager (ISSM)'),
(146, 'Information Systems Security Officer (ISSO)'),
(147, 'Information Systems Security Operator'),
(4, 'Information Technology (IT) Director'),
(116, 'Internal Enterprise Auditor'),
(101, 'Intrusion Analyst'),
(102, 'Intrusion Detection System (IDS) Administrator'),
(103, 'Intrusion Detection System (IDS) Engineer'),
(104, 'Intrusion Detection System (IDS) Technician'),
(176, 'Knowledge Manager'),
(132, 'Legal Advisor/Staff Judge Advocate (SJA)'),
(73, 'Local Area Network (LAN) Administrator'),
(66, 'Network Administrator'),
(67, 'Network Analyst'),
(92, 'Network Defense Technician'),
(68, 'Network Designer'),
(69, 'Network Engineer'),
(130, 'Network Forensic Examiner'),
(22, 'Network Security Analyst'),
(93, 'Network Security Engineer'),
(105, 'Network Security Specialist'),
(70, 'Network Systems and Data Communications Analyst'),
(71, 'Network Systems Engineer'),
(133, 'Paralegal'),
(117, 'Penetration Tester'),
(74, 'Platform Specialist'),
(138, 'Policy Writer and Strategist'),
(166, 'Portfolio Manager'),
(152, 'Principal Security Architect'),
(45, 'Program Developer'),
(167, 'Quality Assurance (QA) Specialist'),
(37, 'Quality Assurance (QA) Tester'),
(118, 'Red Team Technician'),
(33, 'Requirements Analyst'),
(12, 'Research & Development Engineer'),
(38, 'Research & Development Research Engineer'),
(119, 'Reverse Engineer'),
(153, 'Risk Executive'),
(120, 'Risk/Vulnerability Analyst'),
(13, 'Secure Software Engineer'),
(75, 'Security Administrator'),
(85, 'Security Analyst'),
(23, 'Security Architect'),
(86, 'Security Control Assessor'),
(154, 'Security Domain Specialist'),
(14, 'Security Engineer'),
(94, 'Security Operator'),
(24, 'Security Solutions Architect'),
(106, 'Security Specialist'),
(39, 'Security Systems Engineer'),
(141, 'Security Training Coordinator'),
(155, 'Senior Agency Information Security (SAIS) Officer'),
(95, 'Sensor Analyst'),
(76, 'Server Administrator'),
(60, 'Service Desk Operator'),
(15, 'Software Developer'),
(16, 'Software Engineer/Architect'),
(40, 'Software Quality Assurance (QA) Engineer'),
(41, 'Software Quality Engineer'),
(34, 'Solutions Architect'),
(131, 'Special Agent'),
(77, 'System Operations Personnel'),
(61, 'Systems Administrator'),
(17, 'Systems Analyst'),
(35, 'Systems Consultant'),
(25, 'Systems Engineer'),
(56, 'Systems Operations Personnel'),
(26, 'Systems Security Analyst'),
(46, 'Systems Security Engineer'),
(62, 'Technical Support Specialist'),
(121, 'Technical Surveillance Countermeasures Technician'),
(72, 'Telecommunications Engineer, Personnel, or Specialist'),
(42, 'Testing and Evaluation Specialist'),
(63, 'User Support Specialist'),
(168, 'Validator'),
(122, 'Vulnerability Manager'),
(18, 'Web Application Developer'),
(78, 'Website Administrator');

-- --------------------------------------------------------

--
-- Table structure for table `knowledge`
--
-- Creation: Jan 25, 2018 at 08:30 PM
-- Last update: Jan 29, 2018 at 04:21 AM
--

DROP TABLE IF EXISTS `knowledge`;
CREATE TABLE IF NOT EXISTS `knowledge` (
  `know_id` int(10) NOT NULL AUTO_INCREMENT,
  `know_statement` text NOT NULL,
  `ksas` json DEFAULT NULL,
  `tasks` json DEFAULT NULL,
  `know_view` varchar(200) DEFAULT NULL,
  PRIMARY KEY (`know_id`),
  UNIQUE KEY `know_view` (`know_view`)
) ENGINE=InnoDB AUTO_INCREMENT=20 DEFAULT CHARSET=latin1;

--
-- Dumping data for table `knowledge`
--

INSERT INTO `knowledge` (`know_id`, `know_statement`, `ksas`, `tasks`, `know_view`) VALUES
(1, 'Operating systems', '[90, 113, 127, 219, 286, 287, 344, 347, 364, 371, 386, 1008, 1063, 1117, 1121]', '[[500, 776, 1111], [500, 776, 1111], [500, 776, 1111], [500, 776, 1111], [500, 776, 1111], [500, 776, 1111], [500, 776, 1111], [500, 776, 1111], [500, 776, 1111], [500, 776, 1111], [500, 776, 1111], [500, 776, 1111], [500, 776, 1111], [500, 776, 1111], [500, 776, 1111]]', 'operating_systems'),
(2, 'TCP/IP and OSI layer models', '[81, 92, 139, 214]', '[[802, 495], [1041], [], []]', 'tcpip_and_osi_layer_models'),
(3, 'Software design and development', '[117, 56, 116, 118, 168, 185, 973, 1047, 1055, 1094, 1140]', '[[644, 934], [494, 511], [644, 934], [548, 645], [644, 934], [644], [644], [934], [934], [644], [970, 997, 1149]]', 'software_design_and_development'),
(4, 'Networking', NULL, NULL, NULL),
(5, 'Virtualization/Virtual', NULL, NULL, NULL),
(6, 'Wireless Networks', NULL, NULL, NULL),
(7, 'Storage Technologies', NULL, NULL, NULL),
(8, 'Cryptography/encryption', NULL, NULL, NULL),
(9, 'Offensive techniques/vulnerabilities assessment', NULL, NULL, NULL),
(10, 'Defensive techniques', NULL, NULL, NULL),
(11, 'Compliance and Auditing', NULL, NULL, NULL),
(12, 'Risk Management', NULL, NULL, NULL),
(13, 'Database Security', NULL, NULL, NULL),
(14, 'Cloud Security', NULL, NULL, NULL),
(15, 'Reverse Engineering', NULL, NULL, NULL),
(16, 'disaster recovery/business continuity', NULL, NULL, NULL),
(17, 'Incident response', NULL, NULL, NULL),
(18, 'Computer logic', NULL, NULL, NULL);

-- --------------------------------------------------------

--
-- Table structure for table `ksa`
--
-- Creation: Oct 03, 2017 at 04:56 PM
--

DROP TABLE IF EXISTS `ksa`;
CREATE TABLE IF NOT EXISTS `ksa` (
  `ksa_id` int(15) NOT NULL,
  `ksa_statement` text NOT NULL,
  `ksa_competency` text NOT NULL,
  `is_generic` int(2) NOT NULL DEFAULT '0',
  PRIMARY KEY (`ksa_id`)
) ENGINE=InnoDB DEFAULT CHARSET=latin1;

--
-- Dumping data for table `ksa`
--

INSERT INTO `ksa` (`ksa_id`, `ksa_statement`, `ksa_competency`, `is_generic`) VALUES
(3, 'Skill in conducting vulnerability scans and recognizing vulnerabilities in security systems.', 'Vulnerabilities Assessment', 0),
(4, 'Ability to identify systemic security issues based on the analysis of vulnerability and configuration data.', 'Vulnerabilities Assessment', 0),
(5, 'Ability to match the appropriate knowledge repository technology for a given application or environment.', 'Knowledge Management', 0),
(7, 'Knowledge of knowledge-base capabilities for identifying the solutions to less common and more complex system problems.', 'Knowledge Management', 0),
(8, 'Knowledge of authentication, authorization, and access control methods.', 'Identity Management', 0),
(9, 'Knowledge of applicable business processes and operations of customer organizations.', 'Requirements Analysis', 0),
(10, 'Knowledge of application vulnerabilities.', 'Vulnerabilities Assessment', 0),
(12, 'Knowledge of communication methods, principles, and concepts (e.g., encoding, signaling, multiplexing) that support the network infrastructure.', 'Infrastructure Design', 0),
(15, 'Knowledge of capabilities and applications of network equipment including hubs, routers, switches, bridges, servers, transmission media, and related hardware.', 'Hardware', 0),
(16, 'Knowledge of capabilities and requirements analysis.', 'Requirements Analysis', 0),
(18, 'Knowledge of circuit analysis.', 'Computers and Electronics', 0),
(19, 'Knowledge of cyber defense mitigation techniques and vulnerability assessment tools, including open source tools, and their capabilities.', 'Computer Network Defense', 0),
(20, 'Knowledge of complex data structures.', 'Object Technology', 0),
(21, 'Knowledge of computer algorithms.', 'Mathematical Reasoning', 0),
(22, '* Knowledge of computer networking concepts and protocols, and network security methodologies.', 'Infrastructure Design', 1),
(23, 'Knowledge of computer programming principles such as object-oriented design.', 'Object Technology', 0),
(24, 'Knowledge of concepts and practices of processing digital forensic data.', 'Data Management', 0),
(25, 'Knowledge of encryption algorithms (e.g., Internet Protocol Security [IPSEC], Advanced Encryption Standard [AES], Generic Routing Encapsulation [GRE], Internet Key Exchange[IKE], Message Digest Algorithm [MD5], Secure Hash Algorithm [SHA], Triple Data Encryption Standard [3DES]).', 'Cryptography', 0),
(27, 'Knowledge of cryptography and cryptographic key management concepts.', 'Cryptography', 0),
(28, 'Knowledge of data administration and data standardization policies and standards.', 'Data Management', 0),
(29, 'Knowledge of data backup, types of backups (e.g., full, incremental), and recovery concepts and tools.', 'Computer Forensics', 0),
(31, 'Knowledge of data mining and data warehousing principles.', 'Data Management', 0),
(32, 'Knowledge of database management systems, query languages, table relationships, and views.', 'Database Management Systems', 0),
(33, 'Knowledge of database procedures used for documenting and querying reported incidents.', 'Incident Management', 0),
(34, 'Knowledge of database systems.', 'Database Management Systems', 0),
(35, 'Knowledge of digital rights management.', 'Encryption', 0),
(37, 'Knowledge of disaster recovery and continuity of operations plans.', 'Incident Management', 0),
(38, 'Knowledge of organization\'s enterprise information security architecture system.', 'Information Assurance', 0),
(40, 'Knowledge of organization\'s evaluation and validation requirements.', 'Systems Testing and Evaluation', 0),
(41, 'Knowledge of organization\'s Local Area Network (LAN)/Wide Area Network (WAN) pathways.', 'Infrastructure Design', 0),
(42, 'Knowledge of electrical engineering as applied to computer architecture, including circuit boards, processors, chips, and associated computer hardware.', 'Hardware Engineering', 0),
(43, 'Knowledge of embedded systems and internet of things.', 'Embedded Computers', 0),
(44, 'Knowledge of enterprise messaging systems and associated software.', 'Enterprise Architecture', 0),
(46, 'Knowledge of fault tolerance.', 'Information Assurance', 0),
(49, 'Knowledge of host and network access control mechanisms (e.g., access control list).', 'Information Systems/Network Security', 0),
(50, 'Knowledge of how network services and protocols interact to provide network communications.', 'Infrastructure Design', 0),
(51, 'Knowledge of how system components are installed, integrated, and optimized.', 'Systems Integration', 0),
(52, 'Knowledge of human-computer interaction principles.', 'Human Factors', 0),
(53, 'Knowledge of the Security Assessment and Authorization (SA&A) process.', 'Information Assurance', 0),
(55, 'Knowledge of information assurance (IA) principles used to manage risks related to the use, processing, storage, and transmission of information or data.', 'Information Assurance', 0),
(56, 'Knowledge of information assurance (IA) principles and methods that apply to software development.', 'Information Assurance', 0),
(58, 'Knowledge of known vulnerabilities from alerts, advisories, errata, and bulletins.', 'Information Systems/Network Security', 0),
(59, 'Knowledge of Intrusion Detection System (IDS) tools and applications.', 'Computer Network Defense', 0),
(60, 'Knowledge of incident categories, incident responses, and timelines for responses.', 'Incident Management', 0),
(61, 'Knowledge of incident response and handling methodologies.', 'Incident Management', 0),
(62, 'Knowledge of industry-standard and organizationally accepted analysis principles and methods.', 'Logical Systems Design', 0),
(63, 'Knowledge of information assurance (IA) principles and organizational requirements to protect confidentiality, integrity, availability, authenticity, and non-repudiation of information and data.', 'Information Assurance', 0),
(64, 'Knowledge of information security systems engineering principles.', 'Information Systems/Network Security', 0),
(65, 'Knowledge of information theory, including source coding, channel coding, algorithm complexity theory, and data compression.', 'Mathematical Reasoning', 0),
(66, 'Knowledge of intrusion detection methodologies and techniques for detecting host-and network-based intrusions via intrusion detection technologies.', 'Computer Network Defense', 0),
(68, 'Knowledge of information technology (IT) architectural concepts and frameworks.', 'Information Technology Architecture', 0),
(69, 'Knowledge of Risk Management Framework (RMF) requirements.', 'Information Systems Security Certification', 0),
(70, 'Knowledge of information technology (IT) security principles and methods (e.g., firewalls, demilitarized zones, encryption).', 'Information Systems/Network Security', 0),
(72, 'Knowledge of local area network (LAN) and wide area network (WAN) principles and concepts, including bandwidth management.', 'Infrastructure Design', 0),
(74, 'Knowledge of low-level computer languages (e.g., assembly languages).', 'Computer Languages', 0),
(75, 'Knowledge of mathematics, including logarithms, trigonometry, linear algebra, calculus, and statistics.', 'Mathematical Reasoning', 0),
(76, 'Knowledge of measures or indicators of system performance and availability.', 'Information Technology Performance Assessment', 0),
(77, 'Knowledge of current industry methods for evaluating, implementing, and disseminating information technology (IT) security assessment, monitoring, detection, and remediation tools and procedures, utilizing standards-based concepts, and capabilities.', 'Information Systems/Network Security', 0),
(78, 'Knowledge of microprocessors.', 'Computers and Electronics', 0),
(79, 'Knowledge of network access, identity, and access management (e.g., public key infrastructure [PKI]).', 'Identity Management', 0),
(81, 'Knowledge of network protocols (e.g., Transmission Critical Protocol/Internet Protocol [TCP/IP], Dynamic Host Configuration Protocol [DHCP]), and directory services (e.g., Domain Name System [DNS]).', 'Infrastructure Design', 0),
(82, 'Knowledge of network design processes, including security objectives, operational objectives, and tradeoffs.', 'Infrastructure Design', 0),
(83, 'Knowledge of network hardware devices and functions.', 'Hardware', 0),
(87, 'Knowledge of network traffic analysis methods.', 'Information Systems/Network Security', 0),
(88, 'Knowledge of new and emerging Information Technology (IT) and cyber security technologies.', 'Technology Awareness', 0),
(89, 'Knowledge of new technological developments in server administration.', 'Technology Awareness', 0),
(90, 'Knowledge of operating systems.', 'Operating Systems', 0),
(92, 'Knowledge of how traffic flows across the network (e.g., Transmission Control Protocol and Internet Protocol [TCP/IP], Open System Interconnection model [OSI]).', 'Infrastructure Design', 0),
(93, 'Knowledge of packet-level analysis.', 'Vulnerabilities Assessment', 0),
(94, 'Knowledge of parallel and distributed computing concepts.', 'Information Assurance', 0),
(95, 'Knowledge of penetration testing principles, tools, and techniques (e.g., metasploit, neosploit).', 'Vulnerabilities Assessment', 0),
(96, 'Knowledge of performance tuning tools and techniques.', 'Information Technology Performance Assessment', 0),
(98, 'Knowledge of policy-based and risk-adaptive access controls.', 'Identity Management', 0),
(99, 'Knowledge of principles and methods for integrating server components.', 'Systems Integration', 0),
(100, 'Knowledge of Privacy Impact Assessments (PIA).', 'Personnel Safety and Security', 0),
(101, 'Knowledge of process engineering concepts.', 'Logical Systems Design', 0),
(102, 'Knowledge of programming language structures and logic.', 'Computer Languages', 0),
(104, 'Knowledge of query languages such as Structured Query Language (SQL).', 'Database Management Systems', 0),
(105, 'Knowledge of system and application security threats and vulnerabilities (e.g., buffer overflow, mobile code, cross-site scripting, Procedural Language/Structured Query Language [PL/SQL] and injections, race conditions, covert channel, replay, return-oriented attacks, malicious code).', 'Vulnerabilities Assessment', 0),
(106, 'Knowledge of remote access technology concepts.', 'Information Technology Architecture', 0),
(107, 'Knowledge of resource management principles and techniques.', 'Project Management', 0),
(108, '* Knowledge of risk management processes (e.g., methods for assessing and mitigating risk).', 'Risk Management', 1),
(109, 'Knowledge of secure configuration management techniques.', 'Configuration Management', 0),
(110, 'Knowledge of key concepts in security management (e.g., Release Management, Patch Management).', 'Information Assurance', 0),
(111, 'Knowledge of security system design tools, methods, and techniques.', 'Information Systems/Network Security', 0),
(112, 'Knowledge of server administration and systems engineering theories, concepts, and methods.', 'Systems Life Cycle', 0),
(113, 'Knowledge of server and client operating systems.', 'Operating Systems', 0),
(114, 'Knowledge of server diagnostic tools and fault identification techniques.', 'Computer Forensics', 0),
(115, 'Knowledge of content development.', 'Computer Network Defense', 0),
(116, 'Knowledge of software debugging principles.', 'Software Development', 0),
(117, 'Knowledge of software design tools, methods, and techniques.', 'Software Development', 0),
(118, 'Knowledge of software development models (e.g., Waterfall Model, Spiral Model, Agile Model).', 'Software Engineering', 0),
(119, 'Knowledge of software engineering.', 'Software Engineering', 0),
(120, 'Knowledge of sources, characteristics, and uses of the organization’s data assets.', 'Data Management', 0),
(121, 'Knowledge of structured analysis principles and methods.', 'Logical Systems Design', 0),
(123, 'Knowledge of system and application security threats and vulnerabilities.', 'Vulnerabilities Assessment', 0),
(124, 'Knowledge of system design tools, methods, and techniques, including automated systems analysis and design tools.', 'Logical Systems Design', 0),
(126, 'Knowledge of system software and organizational design standards, policies, and authorized approaches (e.g., International Organization for Standardization [ISO] guidelines) relating to system design.', 'Requirements Analysis', 0),
(127, 'Knowledge of systems administration concepts.', 'Operating Systems', 0),
(128, 'Knowledge of system diagnostic tools and fault identification techniques.', 'Systems Testing and Evaluation', 0),
(129, 'Knowledge of system life cycle management principles, including software security and usability.', 'Systems Life Cycle', 0),
(130, 'Knowledge of systems testing and evaluation methods.', 'Systems Testing and Evaluation', 0),
(132, 'Knowledge of technology integration processes.', 'Systems Integration', 0),
(133, 'Knowledge of key telecommunication concepts (e.g., Routing Algorithms, Fiber Optics Systems Link Budgeting, Add/Drop Multiplexers).', 'Telecommunications', 0),
(134, 'Knowledge of the capabilities and functionality associated with various content creation technologies (e.g., wikis, social networking, blogs).', 'Technology Awareness', 0),
(135, 'Knowledge of the capabilities and functionality associated with various technologies for organizing and managing information (e.g., databases, bookmarking engines).', 'Data Management', 0),
(136, 'Knowledge of the capabilities and functionality of various collaborative technologies (e.g., groupware, SharePoint).', 'Technology Awareness', 0),
(137, 'Knowledge of the characteristics of physical and virtual data storage media.', 'Data Management', 0),
(138, 'Knowledge of the Enterprise Network Defense (END) provider reporting structure and processes within one’s own organization.', 'Information Systems/Network Security', 0),
(139, 'Knowledge of common networking protocols (e.g., Transmission Control Protocol and Internet Protocol [TCP/IP]) and services (e.g., web, mail, Domain Name System [DNS]) and how they interact to provide network communications.', 'Infrastructure Design', 0),
(141, 'Knowledge of the enterprise information technology (IT) architecture.', 'Information Technology Architecture', 0),
(142, 'Knowledge of the operations and processes for diagnosing common or recurring system problems.', 'Systems Life Cycle', 0),
(143, 'Knowledge of the organization’s enterprise information technology (IT) goals and objectives.', 'Enterprise Architecture', 0),
(144, 'Knowledge of the systems engineering process.', 'Systems Life Cycle', 0),
(145, 'Knowledge of the type and frequency of routine maintenance needed to keep equipment functioning properly.', 'Systems Life Cycle', 0),
(146, 'Knowledge of the types of Intrusion Detection System (IDS) hardware and software.', 'Computer Network Defense', 0),
(148, 'Knowledge of Virtual Private Network (VPN) security.', 'Encryption', 0),
(149, 'Knowledge of web services, including service oriented architecture, Simple Object Access Protocol (SOAP), and web service description language.', 'Web Technology', 0),
(150, 'Knowledge of what constitutes a network attack and the relationship to both threats and vulnerabilities.', 'Information Systems/Network Security', 0),
(152, 'Skill in allocating storage capacity in the design of data management systems.', 'Database Administration', 0),
(153, 'Skill of identifying capturing, containing, and reporting malware.', 'Computer Network Defense', 0),
(154, 'Skill in analyzing network traffic capacity and performance characteristics.', 'Capacity Management', 0),
(155, 'Skill in applying and incorporating information technologies into proposed solutions.', 'Technology Awareness', 0),
(156, 'Skill in applying confidentiality, integrity, and availability principles.', 'Information Assurance', 0),
(157, 'Skill in applying host/network access controls (e.g., access control list).', 'Network Management', 0),
(158, 'Skill in applying organization-specific systems analysis principles and techniques.', 'Systems Testing and Evaluation', 0),
(160, 'Skill in assessing the robustness of security systems and designs.', 'Vulnerabilities Assessment', 0),
(162, 'Skill in conducting capabilities and requirements analysis.', 'Requirements Analysis', 0),
(163, 'Skill in conducting information searches.', 'Computer Skills', 0),
(164, 'Skill in conducting knowledge mapping (e.g., map of knowledge repositories).', 'Knowledge Management', 0),
(165, 'Skill in conducting open source research for troubleshooting novel client-level problems (e.g., online development communities, system security blogging sites).', 'Knowledge Management', 0),
(166, 'Skill in conducting queries and developing algorithms to analyze data structures.', 'Database Management Systems', 0),
(167, 'Skill in conducting server planning, management, and maintenance.', 'Network Management', 0),
(168, 'Skill in conducting software debugging.', 'Software Development', 0),
(169, 'Skill in conducting test events.', 'Systems Testing and Evaluation', 0),
(170, 'Skill in configuring and optimizing software.', 'Software Engineering', 0),
(171, 'Skill in correcting physical and technical problems that impact server performance.', 'Network Management', 0),
(172, 'Skill in creating and utilizing mathematical or statistical models.', 'Modeling and Simulation', 0),
(173, 'Skill in creating policies that reflect system security objectives.', 'Information Systems Security Certification', 0),
(174, 'Skill in creating programs that validate and process multiple inputs, including command line arguments, environmental variables, and input streams.', 'Software Testing and Evaluation', 0),
(175, 'Skill in developing and deploying signatures.', 'Information Systems/Network Security', 0),
(176, 'Skill in designing a data analysis structure (i.e., the types of data your test must generate and how to analyze those data).', 'Systems Testing and Evaluation', 0),
(177, 'Skill in designing countermeasures to identified security risks.', 'Vulnerabilities Assessment', 0),
(178, 'Skill in designing databases.', 'Database Administration', 0),
(179, 'Skill in designing security controls based on information assurance (IA) principles and tenets.', 'Information Assurance', 0),
(180, 'Skill in designing the integration of hardware and software solutions.', 'Systems Integration', 0),
(181, 'Skill in detecting host and network based intrusions via intrusion detection technologies (e.g., Snort).', 'Computer Network Defense', 0),
(182, 'Skill in determining an appropriate level of test rigor for a given system.', 'Systems Testing and Evaluation', 0),
(183, 'Skill in determining how a security system should work, including its resilience and dependability capabilities, and how changes in conditions, operations, or the environment will affect these outcomes.', 'Information Assurance', 0),
(185, 'Skill in developing applications that can log errors, exceptions, and application faults.', 'Software Development', 0),
(186, 'Skill in developing data dictionaries.', 'Data Management', 0),
(187, 'Skill in developing data models.', 'Modeling and Simulation', 0),
(188, 'Skill in developing data repositories.', 'Data Management', 0),
(190, 'Skill in developing operations-based testing scenarios.', 'Systems Testing and Evaluation', 0),
(191, 'Skill in developing and applying security system access controls.', 'Identity Management', 0),
(193, 'Skill in developing, testing, and implementing network infrastructure contingency and recovery plans.', 'Information Assurance', 0),
(194, 'Skill in diagnosing connectivity problems.', 'Network Management', 0),
(195, 'Skill in diagnosing failed servers.', 'Network Management', 0),
(197, 'Skill in discerning the protection needs (i.e., security controls) of information systems and networks.', 'Information Systems/Network Security', 0),
(198, 'Skill in establishing a routing schema.', 'Infrastructure Design', 0),
(199, 'Skill in evaluating the adequacy of security designs.', 'Vulnerabilities Assessment', 0),
(201, 'Skill in generating queries and reports.', 'Database Management Systems', 0),
(202, 'Skill in identifying and anticipating server performance, availability, capacity, or configuration problems.', 'Information Technology Performance Assessment', 0),
(203, 'Skill in identifying measures or indicators of system performance and the actions needed to improve or correct performance, relative to the goals of the system.', 'Information Technology Performance Assessment', 0),
(204, 'Skill in identifying possible causes of degradation of system performance or availability and initiating actions needed to mitigate this degradation.', 'Systems Life Cycle', 0),
(205, 'Skill in implementing, maintaining, and improving established security practices.', 'Information Systems/Network Security', 0),
(206, 'Skill in installing computer and server upgrades.', 'Systems Life Cycle', 0),
(207, 'Skill in installing, configuring, and troubleshooting local area network (LAN) and wide area network (WAN).', 'Infrastructure Design', 0),
(208, 'Skill in maintaining databases.', 'Database Management Systems', 0),
(209, 'Skill in maintaining directory services.', 'Identity Management', 0),
(210, 'Skill in mimicking threat behaviors.', 'Computer Network Defense', 0),
(211, 'Skill in monitoring and optimizing server performance.', 'Information Technology Performance Assessment', 0),
(212, 'Skill in network mapping and recreating network topologies.', 'Infrastructure Design', 0),
(213, 'Skill in optimizing database performance.', 'Database Administration', 0),
(214, 'Skill in performing packet-level analysis using appropriate tools (e.g., Wireshark, tcpdump).', 'Vulnerabilities Assessment', 0),
(216, 'Skill in recovering failed servers.', 'Incident Management', 0),
(217, 'Skill in preserving evidence integrity according to standard operating procedures or national standards.', 'Computer Forensics', 0),
(219, 'Skill in system administration for Unix/Linux operating systems.', 'Operating Systems', 0),
(220, 'Skill in systems integration testing.', 'Systems Testing and Evaluation', 0),
(221, 'Skill in testing and configuring network workstations and peripherals.', 'Network Management', 0),
(222, 'Skill in the basic operation of computers.', 'Computer Skills', 0),
(223, 'Skill in the measuring and reporting of intellectual capital.', 'Knowledge Management', 0),
(224, 'Skill in design modeling and building use cases (e.g., unified modeling language).', 'Modeling and Simulation', 0),
(225, 'Skill in the use of penetration testing tools and techniques.', 'Vulnerabilities Assessment', 0),
(226, 'Skill in the use of social engineering techniques.', 'Human Factors', 0),
(227, 'Skill in tuning sensors.', 'Computer Network Defense', 0),
(229, 'Skill in using incident handling methodologies.', 'Incident Management', 0),
(230, 'Skill in using knowledge management technologies.', 'Knowledge Management', 0),
(231, 'Skill in using network management tools to analyze network traffic patterns (e.g., simple network management protocol).', 'Network Management', 0),
(233, 'Skill in using protocol analyzers.', 'Vulnerabilities Assessment', 0),
(234, 'Skill in using sub-netting tools.', 'Infrastructure Design', 0),
(235, 'Skill in using the appropriate tools for repairing software, hardware, and peripheral equipment of a system.', 'Computers and Electronics', 0),
(237, 'Skill in using Virtual Private Network (VPN) devices and encryption.', 'Encryption', 0),
(238, 'Skill in writing code that is compatible with legacy code (e.g., Common Business-Oriented Language [COBOL], FORTRAN IV) in a modern programming language (e.g., Java, C++).', 'Computer Languages', 0),
(239, 'Skill in writing test plans.', 'Systems Testing and Evaluation', 0),
(244, 'Ability to determine the validity of technology trend data.', 'Technology Awareness', 0),
(246, 'Knowledge and experience in the Instructional System Design (ISD) methodology.', 'Multimedia Technologies', 0),
(252, 'Knowledge of and experience in Insider Threat investigations, reporting, investigative tools and laws/regulations.', 'Computer Network Defense', 0),
(261, 'Knowledge of basic concepts, terminology, and operations of a wide range of communications media (e.g., computer and telephone networks, satellite, fiber, wireless).', 'Telecommunications', 0),
(264, 'Knowledge of basic physical computer components and architectures, including the functions of various components and peripherals (e.g., central processing units [CPUs], network interface cards [NICs], data storage).', 'Computers and Electronics', 0),
(270, 'Knowledge of common adversary tactics, techniques, and procedures (TTPs) in assigned area of responsibility (e.g., historical country-specific TTPs, emerging capabilities).', 'Computer Network Defense', 0),
(271, 'Knowledge of common network tools (e.g., ping, traceroute, nslookup) and interpret the information results.', 'Infrastructure Design', 0),
(277, 'Knowledge of defense-in-depth principles and network security architecture.', 'Computer Network Defense', 0),
(278, 'Knowledge of different types of network communication (e.g., Local Area Network [LAN], Wide Area Network [WAN], Metropolitan Area Network [MAN], Wireless Local Area Network [WLAN], Wireless Wide Area Network [WWAN]).', 'Telecommunications', 0),
(281, 'Knowledge of electronic devices (e.g., computer systems/components, access control devices, digital cameras, electronic organizers, hard drives, memory cards, modems, network components, printers, removable storage devices, scanners, telephones, copiers, credit card skimmers, facsimile machines, global positioning systems [GPSs]).', 'Hardware', 0),
(282, 'Knowledge of emerging computer-based technology that has potential for exploitation by adversaries.', 'Technology Awareness', 0),
(286, 'Knowledge of file extensions (e.g., .dll, .bat, .zip, .pcap, .gzip).', 'Operating Systems', 0),
(287, 'Knowledge of file system implementations (e.g., New Technology File System [NTFS], File Allocation Table [FAT], File Extension [EXT]).', 'Operating Systems', 0),
(290, 'Knowledge of processes for seizing and preserving digital evidence (e.g., chain of custody).', 'Forensics', 0),
(294, 'Knowledge of hacking methodologies in Windows or Unix/Linux environment.', 'Surveillance', 0),
(296, 'Knowledge of how information needs and collection requirements are translated, tracked, and prioritized across the extended enterprise.', 'Telecommunications', 0),
(297, 'Knowledge of key industry indicators that are useful for identifying technology trends.', 'Technology Awareness', 0),
(299, 'Knowledge of information security program management and project management principles and techniques.', 'Project Management', 0),
(300, 'Knowledge of intelligence reporting principles, policies, procedures, and vehicles, including report formats, reportable criteria (requirements and priorities), dissemination practices, and legal authorities and restrictions.', 'Organizational Awareness', 0),
(302, 'Knowledge of investigative implications of hardware, operating systems, and network technologies.', 'Computer Forensics', 0),
(310, 'Knowledge of legal governance related to admissibility (e.g., Federal Rules of Evidence).', 'Criminal Law', 0),
(314, 'Knowledge of multiple cognitive domains and appropriate tools and methods for learning in each domain.', 'Teaching Others', 0),
(316, 'Knowledge of processes for collecting, packaging, transporting, and storing electronic evidence to avoid alteration, loss, physical damage, or destruction of data.', 'Criminal Law', 0),
(320, 'Knowledge of external organizations and academic institutions dealing with cybersecurity issues.', 'External Awareness', 0),
(321, 'Knowledge of products and nomenclature of major vendors (e.g., security suites: Trend Micro, Symantec, McAfee, Outpost, Panda, Kaspersky, etc.) and how differences affect exploitation/vulnerabilities.', 'Technology Awareness', 0),
(325, 'Knowledge of secure acquisitions (e.g., relevant Contracting Officer\'s Technical Representative [COTR] duties, secure procurement, supply chain risk management).', 'Contracting/Procurement', 0),
(332, 'Ability to develop curriculum that speaks to the topic at the appropriate level for the target audience.', 'Teaching Others', 0),
(336, 'Knowledge of the nature and function of the relevant information structure (e.g., National Information Infrastructure [NII]).', 'Telecommunications', 0),
(338, 'Knowledge of the principal methods, procedures, and techniques of gathering information and producing, reporting, and sharing intelligence.', 'Reasoning', 0),
(339, 'Knowledge of the structure and intent of business or military operation plans, concept operation plans, orders, policies, and standing rules of engagement.', 'Organizational Awareness', 0),
(340, 'Knowledge of types and collection of persistent data.', 'Computer Forensics', 0),
(342, 'Knowledge of Unix command line (e.g., mkdir, mv, ls, passwd, grep).', 'Computer Languages', 0),
(344, 'Knowledge of virtualization technologies and virtual machine development and maintenance.', 'Operating Systems', 0),
(345, 'Knowledge of webmail collection, searching/analyzing techniques, tools, and cookies.', 'Web Technology', 0),
(346, 'Knowledge of which system files (e.g., log files, registry files, configuration files) contain relevant information and where to find those system files.', 'Computer Forensics', 0),
(347, 'Knowledge of Windows command line (e.g., ipconfig, netstat, dir, nbtstat).', 'Operating Systems', 0),
(350, 'Skill in analyzing memory dumps to extract information.', 'Reasoning', 0),
(353, 'Skill in collecting data from a variety of cyber defense resources.', 'Computer Network Defense', 0),
(359, 'Skill in developing and executing technical training programs and curricula.', 'Computer Forensics', 0),
(360, 'Skill in identifying and extracting data of forensic interest in diverse media (i.e., media forensics).', 'Computer Forensics', 0),
(363, 'Skill in identifying gaps in technical capabilities.', 'Teaching Others', 0),
(364, 'Skill in identifying, modifying, and manipulating applicable system components within Windows, Unix, or Linux (e.g., passwords, user accounts, files).', 'Operating Systems', 0),
(369, 'Skill in collecting, processing, packaging, transporting, and storing electronic evidence to avoid alteration, loss, physical damage, or destruction of data.', 'Forensics', 0),
(371, 'Skill in reading, interpreting, writing, modifying, and executing simple scripts (e.g., PERL, Visual Basic Scripting [VBS]) on Windows and Unix systems (e.g., tasks such as parsing large data files, automating manual tasks, fetching/processing remote data).', 'Operating Systems', 0),
(374, 'Skill in setting up a forensic workstation.', 'Forensics', 0),
(376, 'Skill in talking to others to convey information effectively.', 'Oral Communication', 0),
(377, 'Skill in tracking and analyzing technical and legal trends that will impact cyber activities.', 'Legal, Government, and Jurisprudence', 0),
(381, 'Skill in using forensic tool suites (e.g., EnCase, Sleuthkit, Forensic Tool Kit [FTK]).', 'Computer Forensics', 0),
(383, 'Skill in using scientific rules and methods to solve problems.', 'Reasoning', 0),
(386, 'Skill in using virtual machines.', 'Operating Systems', 0),
(389, 'Skill in physically disassembling personal computers (PCs).', 'Computers and Electronics', 0),
(888, 'Knowledge of types of digital forensics data and how to recognize them.', 'Computer Forensics', 0),
(889, 'Knowledge of deployable forensics.', 'Computer Forensics', 0),
(890, 'Skill in conducting forensic analyses in multiple operating system environments (e.g., mobile device systems).', 'Computer Forensics', 0),
(891, 'Skill in configuring and utilizing hardware-based computer protection components (e.g., hardware firewalls, servers, routers).', 'Configuration Management', 0),
(892, 'Skill in configuring and utilizing software-based computer protection tools (e.g., software firewalls, anti-virus software, anti-spyware).', 'Configuration Management', 0),
(893, 'Skill in securing network communications.', 'Information Assurance', 0),
(895, 'Skill in recognizing and categorizing types of vulnerabilities and associated attacks.', 'Information Assurance', 0),
(896, 'Skill in protecting a network against malware.', 'Computer Network Defense', 0),
(897, 'Skill in performing damage assessments.', 'Information Assurance', 0),
(900, 'Knowledge of web filtering technologies.', 'Web Technology', 0),
(901, 'Knowledge of the capabilities of different electronic communication systems and methods (e.g., e-mail, Voice over Internet Protocol [VoIP], Instant Messenger [IM], web forums, direct video broadcasts).', 'Network Management', 0),
(902, 'Knowledge of the range of existing networks (e.g., Private Branching Exchange [PBX], Local Area Networks [LANs], Wide Area Networks [WANs], Wireless Fidelity [WI-FI]).', 'Network Management', 0),
(903, 'Knowledge of Wireless Fidelity (WI-FI).', 'Network Management', 0),
(904, 'Knowledge of interpreted and compiled computer languages.', 'Computer Languages', 0),
(905, 'Knowledge of secure coding techniques.', 'Computer Languages', 0),
(907, 'Skill in data mining techniques.', 'Data Management', 0),
(908, 'Ability to decrypt digital data collections.', 'Computer Forensics', 0),
(910, 'Knowledge of database theory.', 'Data Management', 0),
(911, 'Ability to interpret and translate customer requirements into operational cyber actions.', 'Requirements Analysis', 0),
(912, 'Knowledge of collection management processes, capabilities, and limitations.', 'Configuration Management', 0),
(915, 'Knowledge of front-end collection systems, including network traffic collection, filtering, and selection.', 'Information Systems/Network Security', 0),
(916, 'Skill in deconflicting cyber operations and activities.', 'Political Savvy', 0),
(917, 'Knowledge of social dynamics of computer attackers in a global context.', 'External Awareness', 0),
(918, 'Ability to prepare and deliver education and awareness briefings to ensure that systems, network, and data users are aware of and adhere to systems security policies and procedures.', 'Teaching Others', 0),
(922, 'Skill in using network analysis tools to identify vulnerabilities.', 'Vulnerabilities Assessment', 0),
(923, 'Knowledge of security event correlation tools.', 'Information Systems/Network Security', 0),
(942, 'Knowledge of the organization\'s core business/mission processes.', 'Organizational Awareness', 0),
(950, 'Skill in evaluating test plans for applicability and completeness.', 'Systems Testing and Evaluation', 0),
(952, 'Knowledge of emerging security issues, risks, and vulnerabilities.', 'Technology Awareness', 0),
(954, 'Knowledge of import/export control regulations and responsible agencies for the purposes of reducing supply chain risk.', 'Contracting/Procurement', 0),
(965, 'Knowledge of organization\'s risk tolerance and/or risk management approach.', 'Risk Management', 0),
(966, 'Knowledge of enterprise incident response program, roles, and responsibilities.', 'Incident Management', 0),
(967, 'Knowledge of current and emerging threats/threat vectors.', 'Information Systems/Network Security', 0),
(968, 'Knowledge of software-related information technology (IT) security principles and methods (e.g., modularization, layering, abstraction, data hiding, simplicity/minimization).', 'Information Systems/Network Security', 0),
(973, 'Skill in using code analysis tools to eradicate bugs.', 'Software Development', 0),
(974, 'Ability to tailor code analysis for application-specific concerns.', 'Software Testing and Evaluation', 0),
(975, 'Skill in integrating black box security testing tools into quality assurance process of software releases.', 'Quality Assurance', 0),
(976, 'Knowledge of software quality assurance process.', 'Software Engineering', 0),
(978, 'Knowledge of root cause analysis for incidents.', 'Incident Management', 0),
(979, 'Knowledge of supply chain risk management standards, processes, and practices.', 'Risk Management', 0),
(980, 'Skill in performing root cause analysis for incidents.', 'Incident Management', 0),
(981, 'Knowledge of International Traffic in Arms Regulation (ITARs) and relevance to cybersecurity.', 'Criminal Law', 0),
(982, 'Knowledge of electronic evidence law.', 'Criminal Law', 0),
(983, 'Knowledge of legal rules of evidence and court procedure.', 'Criminal Law', 0),
(984, 'Knowledge of cyber defense policies, procedures, and regulations.', 'Computer Network Defense', 0),
(985, 'Skill in configuring and utilizing network protection components (e.g., firewalls, Virtual Private Networks [VPNs], network Intrusion Detection Systems [IDSs]).', 'Configuration Management', 0),
(986, 'Knowledge of organizational information technology (IT) user security policies (e.g., account creation, password rules, access control).', 'Identity Management', 0),
(989, 'Knowledge of Voice over Internet Protocol (VoIP).', 'Telecommunications', 0),
(990, 'Knowledge of common attack vectors on the network layer.', 'Computer Network Defense', 0),
(991, 'Knowledge of different classes of attacks (e.g., passive, active, insider, close-in, distribution).', 'Computer Network Defense', 0),
(992, 'Knowledge of different operational threat environments (e.g., first generation [script kiddies], second generation [non-nation state sponsored], and third generation [nation state sponsored]).', 'Computer Network Defense', 0),
(993, 'Knowledge of the methods, standards, and approaches for describing, analyzing, and documenting an organization\'s enterprise information technology (IT) architecture (e.g., Open Group Architecture Framework [TOGAF], Department of Defense Architecture Framework [DODAF], Federal Enterprise Architecture Framework [FEAF]).', 'Enterprise Architecture', 0),
(1002, 'Skill in conducting audits or reviews of technical systems.', 'Information Technology Performance Assessment', 0),
(1004, 'Knowledge of critical information technology (IT) procurement requirements.', 'Contracting/Procurement', 0),
(1005, 'Knowledge of functionality, quality, and security requirements and how these will apply to specific items of supply (i.e., elements and processes).', 'Contracting/Procurement', 0),
(1007, 'Skills in data reduction.', 'Data Management', 0),
(1008, 'Knowledge of how to troubleshoot basic systems and identify operating systems-related issues.', 'Operating Systems', 0),
(1011, 'Knowledge of processes for reporting network security related incidents.', 'Security', 0),
(1012, 'Knowledge of Capabilities and Maturity Model Integration (CMMI) at all five levels.', 'Internal Controls', 0),
(1020, 'Skill in secure test plan design (i.e., unit, integration, system, acceptance).', 'Systems Testing and Evaluation', 0),
(1021, 'Knowledge of risk threat assessment.', 'Risk Management', 0),
(1022, 'Knowledge of the nature and function of the relevant information structure.', 'Enterprise Architecture', 0),
(1029, 'Knowledge of malware analysis concepts and methodology.', 'Computer Network Defense', 0),
(1033, 'Knowledge of basic system administration, network, and operating system hardening techniques.', 'Information Systems/Network Security', 0),
(1034, 'Knowledge of Personally Identifiable Information (PII) and Payment Card Industry (PCI) data security standards.', 'Security', 0),
(1036, 'Knowledge of applicable laws (e.g., Electronic Communications Privacy Act, Foreign Intelligence Surveillance Act, Protect America Act, search and seizure laws, civil liberties and privacy laws), U.S. Statutes (e.g., Titles 10, 18, 32, 50 in U.S. Code), Presidential Directives, executive branch guidelines, and/or administrative/criminal legal guidelines and procedures relevant to work performed.', 'Criminal Law', 0),
(1037, 'Knowledge of information technology (IT) supply chain security and risk management policies, requirements, and procedures.', 'Risk Management', 0),
(1038, 'Knowledge of local specialized system requirements (e.g., critical infrastructure systems that may not use standard information technology [IT]) for safety, performance, and reliability.', 'Infrastructure Design', 0),
(1039, 'Skill in evaluating the trustworthiness of the supplier and/or product.', 'Contracting/Procurement', 0),
(1040, 'Knowledge of relevant laws, policies, procedures, or governance related to work impacting critical infrastructure.', 'Criminal Law', 0),
(1042, 'Ability to apply network programming towards client/server model.', 'Requirements Analysis', 0),
(1044, 'Skill in identifying forensic footprints.', 'Computer Forensics', 0),
(1047, 'Skill in writing kernel level applications.', 'Software Development', 0),
(1052, 'Knowledge of Global Systems for Mobile communications (GSM) architecture.', 'Telecommunications', 0),
(1054, 'Knowledge of hardware reverse engineering techniques.', 'Vulnerabilities Assessment', 0),
(1055, 'Knowledge of middleware (e.g., enterprise service bus and message queuing).', 'Software Development', 0),
(1056, 'Knowledge of operations security.', 'Public Safety and Security', 0),
(1059, 'Knowledge of networking protocols.', 'Infrastructure Design', 0),
(1061, 'Knowledge of the life cycle process.', 'Systems Life Cycle', 0),
(1062, 'Knowledge of software reverse engineering techniques.', 'Vulnerabilities Assessment', 0),
(1063, 'Knowledge of Unix/Linux operating system structure and internals (e.g., process management, directory structure, installed applications).', 'Operating Systems', 0),
(1064, 'Knowledge of Extensible Markup Language (XML) schemas.', 'Infrastructure Design', 0),
(1066, 'Skill in utilizing exploitation tools (e.g., Foundstone, fuzzers, packet sniffers, debug) to identify system/software vulnerabilities (e.g., penetration and testing).', 'Vulnerabilities Assessment', 0),
(1067, 'Skill in utilizing network analysis tools to identify software communications vulnerabilities.', 'Vulnerabilities Assessment', 0),
(1069, 'Knowledge of general attack stages (e.g., foot printing and scanning, enumeration, gaining access, escalation or privileges, maintaining access, network exploitation, covering tracks).', 'Computer Network Defense', 0),
(1070, 'Ability to determine impact of technology trend data on laws, regulations, and/or policies.', 'Legal, Government, and Jurisprudence', 0),
(1071, 'Knowledge of secure software deployment methodologies, tools, and practices.', 'Software Engineering', 0),
(1072, 'Knowledge of network security architecture concepts, including topology, protocols, components, and principles (e.g., application of defense-in-depth).', 'Information Systems/Network Security', 0),
(1073, 'Knowledge of network systems management principles, models, methods (e.g., end-to-end systems performance monitoring), and tools.', 'Network Management', 0),
(1074, 'Knowledge of transmission records (e.g., Bluetooth, Radio Frequency Identification [RFID], Infrared Networking [IR], Wireless Fidelity [Wi-Fi]. paging, cellular, satellite dishes), and jamming techniques that enable transmission of undesirable information, or prevent installed systems from operating correctly. ', 'Web Technology', 0),
(1086, 'Knowledge of data carving tools and techniques (e.g., Foremost).', 'Computer Forensics', 0),
(1087, 'Skill in deep analysis of captured malicious code (e.g., malware forensics).', 'Computer Network Defense', 0),
(1088, 'Skill in using binary analysis tools (e.g., Hexedit, command code xxd, hexdump).', 'Computer Languages', 0),
(1089, 'Knowledge of reverse engineering concepts.', 'Vulnerabilities Assessment', 0),
(1091, 'Skill in one way hash functions (e.g., Secure Hash Algorithm [SHA], Message Direct Algorithm [MD5]).', 'Data Management', 0),
(1092, 'Knowledge of anti-forensics tactics, techniques, and procedures (TTPs).', 'Computer Forensics', 0),
(1093, 'Knowledge of common forensic tool configuration and support applications (e.g., VMware, Wireshark).', 'Computer Forensics', 0),
(1094, 'Knowledge of debugging procedures and tools.', 'Software Development', 0),
(1095, 'Knowledge of how different file types can be used for anomalous behavior.', 'Vulnerabilities Assessment', 0),
(1096, 'Knowledge of malware analysis tools (e.g., Oily Debug, Ida Pro).', 'Computer Network Defense', 0),
(1097, 'Knowledge of virtual machine aware malware, debugger aware malware, and packing.', 'Computer Network Defense', 0),
(1098, 'Skill in analyzing anomalous code as malicious or benign.', 'Computer Network Defense', 0),
(1099, 'Skill in analyzing volatile data.', 'Computer Forensics', 0),
(1100, 'Skill in identifying obfuscation techniques.', 'Computer Network Defense', 0),
(1101, 'Skill in interpreting results of debugger to ascertain tactics, techniques, and procedures (TTP).', 'Computer Network Defense', 0),
(1114, 'Knowledge of encryption methodologies.', 'Cryptography', 0),
(1115, 'Skill in reading Hexadecimal data.', 'Computer Languages', 0),
(1116, 'Skill in identifying common encoding techniques (e.g., Exclusive Disjunction [XOR], American Standard Code for Information Interchange [ASCII], Unicode, Base64, Uuencode, Uniform Resource Locator [URL] encode).', 'Computer Languages', 0),
(1117, 'Skill in utilizing virtual networks for testing.', 'Operating Systems', 0),
(1118, 'Skill in reading and interpreting signatures (e.g., Snort).', 'Information Systems/Network Security', 0),
(1119, 'Knowledge of signature implementation impact.', 'Information Systems/Network Security', 0),
(1120, 'Ability to interpret and incorporate data from multiple tool sources.', 'Data Management', 0),
(1121, 'Knowledge of Windows and Unix ports and services.', 'Operating Systems', 0),
(1122, 'Ability to apply supply chain risk  management standards.', 'Computer Network Defense', 0),
(1123, 'Knowledge of advanced data encryption (e.g., Column and Tablespace Encryption) security features in databases, including built-in cryptographic key management features.', 'Database Management Systems', 0),
(1124, 'Knowledge of advanced data remediation security features in databases.', 'Database Administration', 0),
(1125, 'Knowledge of Cloud-based knowledge management technologies and concepts related to security, governance, procurement, and administration. ', 'Distributed Systems', 0),
(1126, 'Knowledge of data classification standards and methodologies based on sensitivity and other risk factors.', 'Data Management', 0),
(1127, 'Knowledge of Import/Export Regulations related to cryptography and other security technologies.', 'Legal, Government, and Jurisprudence', 0),
(1128, 'Knowledge of Java-based database access application programming interface (API)  (e.g., Java Database Connectivity [JDBC]).', 'Database Management Systems', 0),
(1129, 'Knowledge of multi-channel user access technologies and use cases including mobile technology.', 'Communications Security Management', 0),
(1130, 'Knowledge of organizational process improvement concepts and process maturity models (e.g., Capability Maturity Model Integration (CMMI) for Development, CMMI for Services and CMMI for Acquisitions).', 'Process Control', 0),
(1131, 'Knowledge of security architecture concepts and enterprise architecture reference models (e.g., Zackman, Federal Enterprise Architecture [FEA]).', 'Enterprise Architecture', 0),
(1132, 'Knowledge of service catalogues and service management standards (e.g., Information Technology Infrastructure Library, v3 [ITIL]).', 'Operations Support', 0),
(1133, 'Knowledge of service management concepts for networks and related standards (e.g., Information Technology Infrastructure Library, v3 [ITIL]).', 'Network Management', 0),
(1134, 'Knowledge of symmetric key rotation techniques and concepts.', 'Encryption', 0),
(1135, 'Knowledge of the application firewall concepts and functions (e.g., Single point of authentication/audit/policy enforcement, message scanning for malicious content, data anonymization for PCI and PII compliance, data loss protection scanning, accelerated cryptographic operations, SSL security, REST/JSON processing).', 'Computer Network Defense', 0),
(1136, 'Knowledge of use cases related to collaboration and content synchronization across platforms (e.g., tables, PC, Cloud, etc.).', 'Infrastructure Design', 0),
(1137, 'Skill in deploying Service Gateway at the network edge as the first point of contact or proxy into enterprise infrastructure handling layer 7 protocols (e.g., web, XML SOAP, REST, or legacy protocols [EDI]).', 'Infrastructure Design', 0),
(1138, 'Skill in developing and applying user credential management system.', 'Identity Management', 0),
(1139, 'Skill in implementing enterprise key escrow systems to support data-at-rest encryption.', 'Infrastructure Design', 0),
(1140, 'Skill in using Public-Key Infrastructure (PKI) Software Development Kit (SDK) to add encryption and digital signature capabilities into applications (e.g., S/MIME email, SSL traffic).', 'Encryption', 0),
(1141, 'Knowledge of an organization\'s information classification program and procedures for level information loss.', 'Information Management', 0),
(1142, 'Knowledge of security models (e.g., Bell-LaPadula model, Biba integrity model, Clark-Wilson integrity model).', 'Enterprise Architecture', 0),
(1157, '* Knowledge of national and international laws, regulations, policies, and ethics as they relate to cybersecurity.', 'Legal, Government, and Jurisprudence', 1),
(1158, '* Knowledge of cybersecurity principles.', 'Information Systems/Network Security', 1),
(1159, '* Knowledge of cyber threats and vulnerabilities.', 'Vulnerabilities Assessment', 1);

-- --------------------------------------------------------

--
-- Stand-in structure for view `operating_systems`
-- (See below for the actual view)
--
DROP VIEW IF EXISTS `operating_systems`;
CREATE TABLE IF NOT EXISTS `operating_systems` (
`know_id` int(11)
,`know_statement` text
,`ksa_id` int(15)
,`ksa_statement` text
,`ksa_competency` text
,`task_id` int(15)
,`task_statement` text
);

-- --------------------------------------------------------

--
-- Stand-in structure for view `software_design_and_development`
-- (See below for the actual view)
--
DROP VIEW IF EXISTS `software_design_and_development`;
CREATE TABLE IF NOT EXISTS `software_design_and_development` (
`know_id` int(11)
,`know_statement` text
,`ksa_id` int(15)
,`ksa_statement` text
,`ksa_competency` text
,`task_id` int(15)
,`task_statement` text
);

-- --------------------------------------------------------

--
-- Table structure for table `specialty_area`
--
-- Creation: Oct 10, 2017 at 08:04 PM
--

DROP TABLE IF EXISTS `specialty_area`;
CREATE TABLE IF NOT EXISTS `specialty_area` (
  `spec_id` int(15) NOT NULL,
  `spec_title` varchar(80) NOT NULL,
  `spec_description` text NOT NULL,
  `cat_id` int(20) NOT NULL,
  PRIMARY KEY (`spec_id`),
  KEY `cat_id_fk` (`cat_id`)
) ENGINE=InnoDB DEFAULT CHARSET=latin1;

--
-- Dumping data for table `specialty_area`
--

INSERT INTO `specialty_area` (`spec_id`, `spec_title`, `spec_description`, `cat_id`) VALUES
(1, 'Secure Acquisition', 'Manages and supports the acquisition life cycle, including planning, determining specifications, selecting, and procuring information and communications technology (ICT) and cybersecurity products used in the organization’s design, development, and maintenance of its infrastructure to minimize potential risks and vulnerabilities', 1),
(2, 'Secure Software Engineering', 'Develops, modifies, enhances, and sustains new or existing computer applications, software, or utility programs following software assurance best practices throughout the software lifecycle', 1),
(3, 'Systems Security Architecture', 'Designs and develops system concepts and works on the capabilities phases of the systems development lifecycle. Translates technology and environmental conditions (e.g., laws, regulations, best practices) into system and security designs and processes', 1),
(4, 'Technology Research and Development', 'Conducts technology and/or feasibility assessments. Provides, builds, and supports a prototype capability and/or evaluates its security and utility. Facilitates innovation', 1),
(5, 'Systems Requirements Planning', 'Consults with stakeholders to guide, gather, and evaluate functional and security requirements. Translates these requirements into guidance to stakeholders about the applicability of information systems to meet their needs', 1),
(6, 'Test and Evaluation', 'Develops and conducts processes and procedures (e.g., testing) to evaluate compliance with security requirements', 1),
(7, 'Systems Development', 'Develops technical security solutions to meet the defined requirements', 1),
(8, 'Data Administration', 'Develops, maintains, and administers databases and/or data management systems that allow for the secure storage, query, and utilization of data. Conducts data integration, data modeling, analytics modeling, and data mining', 2),
(9, 'Customer Service and Technical Support', 'Provides end users tiered-level customer support by coordinating software, hardware, network, and security issue resolution. May install, configure, troubleshoot, and provide maintenance and training', 2),
(10, 'Network Services', ' Installs, configures, tests, operates, maintains, and manages network devices including hardware, software, and operating systems that permit information sharing across the full spectrum of transmission using all media. Supports the security of information and information systems.', 2),
(11, 'System Administration', 'Installs, configures, troubleshoots, and maintains server and systems configurations (hardware and software) to ensure their confidentiality, integrity, and availability. Administers server-based systems, security devices, distributed applications, network storage, messaging, and performs systems monitoring. Consults on network, application, and customer service issues to support computer systems’ security and sustainability', 2),
(12, 'Systems Security Analysis', 'Conducts and documents the systems integration, testing, operations, maintenance, and security of an information environment. Coordinates threat and mitigation strategies across the enterprise', 2),
(13, 'Enterprise Network Defense (END) Analysis', 'Uses defensive measures and information collected from a variety of sources to identify, analyze, and report events that occur or might occur within the enterprise network in order to protect information, information systems, and networks from threats', 3),
(14, 'Incident Response', 'Responds to disruptions within the pertinent domain to mitigate immediate and potential threats. Uses mitigation, preparedness, and response and recovery approaches to maximize survival of life, preservation of property, and information security. Investigates and analyzes relevant response activities and evaluates the effectiveness of and improvements to existing practices', 3),
(15, 'Enterprise Network Defense (END) Infrastructure Support', 'Tests, implements, deploys, maintains, reviews, and administers the infrastructure hardware, software, and documentation that are required to effectively manage network defense resources. Monitors the network to actively remediate unauthorized activities', 3),
(16, 'Vulnerability Assessment and Management', 'Conducts threat and vulnerability assessments and determines deviations from acceptable configurations or policies. Assesses the level of risk and develops and/or recommends appropriate mitigation countermeasures in operational and non-operational situations', 3),
(17, 'Digital Forensics', 'Collects, processes, preserves, analyzes, and presents digital-related evidence to support network vulnerability mitigation and/or civil, workplace, counterintelligence, or law enforcement (e.g., criminal, fraud) investigations', 4),
(18, 'Cyber Investigation', 'Applies tactics, techniques, and procedures to a full range of tools and processes related to administrative, criminal, and counter intelligence gathering (e.g., in-depth case analyses, continuous monitoring, malware analysis, clear documentation)', 4),
(19, 'Legal Advice and Advocacy', 'Provides legal advice and recommendations to leadership and staff on relevant topics within the pertinent subject domain. Advocates legal and policy changes, and makes a case on behalf of the client via written and oral work products, including legal briefs and proceedings', 5),
(20, 'Strategic Planning and Policy Development', 'Applies technical and organizational knowledge to define an entity’s strategic direction, determine resource allocations, establish priorities, and identify programs or infrastructure required to achieve desired goals. Develops policy or advocates for policy change that will support new initiatives or required changes and enhancements', 1),
(21, 'Training, Education, and Awareness (TEA)', 'Develops, plans, coordinates, delivers, and/or evaluates instructional cybersecurity content using various formats, techniques, and venues', 5),
(22, 'Information Systems Security Operations', 'Oversees and ensures that the appropriate operational security posture (e.g., network and system security, physical and environmental protection, personnel security, incident handling, security training and awareness) is implemented and maintained for an information system or program. Advises the Authorizing Official (AO), an information system owner, or the Chief Information Security Officer (CISO) on the security of an information system or program', 5),
(23, 'Security Program Management', 'Oversees and manages information security program implementation within the organization or other area of responsibility. Manages strategy, personnel, infrastructure, policy enforcement, emergency planning, security awareness, and/or other resources', 5),
(24, 'Risk Management', 'Oversees, evaluates, and supports the documentation, validation, and accreditation processes necessary to ensure new and existing information technology (IT) systems meet the organization’s information assurance (IA) and security requirements. Ensures appropriate treatment of risk, compliance, and monitoring assurance from internal and external perspectives', 5),
(25, 'Knowledge Management', 'Manages and administers integrated methods, enabling the organization to identify, capture, catalog, classify, retrieve, and share intellectual capital and information content. The methods may include utilizing processes and tools (e.g., databases, documents, policies, procedures) and expertise pertaining to the organization', 5);

-- --------------------------------------------------------

--
-- Table structure for table `spec_job`
--
-- Creation: Oct 10, 2017 at 10:47 PM
--

DROP TABLE IF EXISTS `spec_job`;
CREATE TABLE IF NOT EXISTS `spec_job` (
  `spec_id` int(15) NOT NULL,
  `job_id` int(15) NOT NULL,
  KEY `spec_id` (`spec_id`),
  KEY `job_id` (`job_id`)
) ENGINE=InnoDB DEFAULT CHARSET=latin1;

--
-- Dumping data for table `spec_job`
--

INSERT INTO `spec_job` (`spec_id`, `job_id`) VALUES
(1, 1),
(1, 2),
(1, 3),
(1, 4),
(2, 5),
(2, 6),
(2, 7),
(2, 8),
(2, 9),
(2, 10),
(2, 11),
(2, 12),
(2, 13),
(2, 14),
(2, 15),
(2, 16),
(2, 17),
(2, 18),
(3, 19),
(3, 20),
(3, 21),
(3, 22),
(3, 12),
(3, 23),
(3, 14),
(3, 24),
(3, 25),
(3, 26),
(4, 27),
(4, 28),
(4, 12),
(5, 29),
(5, 30),
(5, 31),
(5, 32),
(5, 33),
(5, 34),
(5, 35),
(5, 25),
(6, 36),
(6, 21),
(6, 37),
(6, 12),
(6, 38),
(6, 39),
(6, 40),
(6, 41),
(6, 25),
(6, 42),
(7, 43),
(7, 44),
(7, 9),
(7, 11),
(7, 21),
(7, 45),
(7, 14),
(7, 25),
(7, 46),
(8, 47),
(8, 48),
(8, 49),
(8, 50),
(8, 51),
(8, 52),
(8, 53),
(8, 54),
(8, 55),
(8, 56),
(9, 57),
(9, 58),
(9, 59),
(9, 60),
(9, 61),
(9, 62),
(9, 63),
(10, 64),
(10, 65),
(10, 66),
(10, 67),
(10, 68),
(10, 69),
(10, 70),
(10, 71),
(10, 25),
(10, 72),
(11, 73),
(11, 74),
(11, 75),
(11, 76),
(11, 77),
(11, 61),
(11, 78),
(12, 79),
(12, 80),
(12, 81),
(12, 82),
(12, 83),
(12, 21),
(12, 84),
(12, 74),
(12, 75),
(12, 85),
(12, 86),
(12, 14),
(13, 87),
(13, 88),
(13, 89),
(13, 90),
(13, 91),
(13, 92),
(13, 93),
(13, 85),
(13, 94),
(13, 95),
(14, 96),
(14, 97),
(14, 98),
(14, 99),
(14, 100),
(14, 101),
(15, 21),
(15, 102),
(15, 103),
(15, 104),
(15, 66),
(15, 67),
(15, 93),
(15, 105),
(15, 85),
(15, 14),
(15, 106),
(15, 46),
(16, 107),
(16, 108),
(16, 109),
(16, 110),
(16, 111),
(16, 112),
(16, 113),
(16, 114),
(16, 115),
(16, 116),
(16, 93),
(16, 117),
(16, 118),
(16, 119),
(16, 120),
(16, 121),
(16, 122),
(17, 123),
(17, 124),
(17, 125),
(17, 126),
(17, 127),
(17, 128),
(17, 129),
(17, 130),
(18, 96),
(18, 131),
(19, 132),
(19, 133),
(20, 134),
(20, 1),
(20, 135),
(20, 136),
(20, 137),
(20, 138),
(21, 139),
(21, 140),
(21, 141),
(22, 2),
(22, 3),
(22, 142),
(22, 143),
(22, 80),
(22, 144),
(22, 145),
(22, 146),
(22, 147),
(23, 1),
(23, 148),
(23, 149),
(23, 150),
(23, 151),
(23, 145),
(23, 4),
(23, 152),
(23, 153),
(23, 154),
(23, 155),
(24, 156),
(24, 157),
(24, 158),
(24, 159),
(24, 160),
(24, 161),
(24, 112),
(24, 162),
(24, 163),
(24, 164),
(24, 142),
(24, 165),
(24, 166),
(24, 167),
(24, 120),
(24, 86),
(24, 17),
(24, 168),
(25, 29),
(25, 169),
(25, 170),
(25, 171),
(25, 172),
(25, 173),
(25, 174),
(25, 175),
(25, 176);

-- --------------------------------------------------------

--
-- Table structure for table `spec_ksa`
--
-- Creation: Oct 06, 2017 at 03:01 PM
--

DROP TABLE IF EXISTS `spec_ksa`;
CREATE TABLE IF NOT EXISTS `spec_ksa` (
  `spec_id` int(15) NOT NULL,
  `ksa_id` int(20) NOT NULL,
  PRIMARY KEY (`spec_id`,`ksa_id`),
  KEY `spec_id` (`spec_id`),
  KEY `ksa_id` (`ksa_id`)
) ENGINE=InnoDB DEFAULT CHARSET=latin1;

--
-- Dumping data for table `spec_ksa`
--

INSERT INTO `spec_ksa` (`spec_id`, `ksa_id`) VALUES
(1, 107),
(1, 296),
(1, 325),
(1, 954),
(1, 979),
(1, 1004),
(1, 1005),
(1, 1021),
(1, 1037),
(1, 1039),
(1, 1061),
(1, 1122),
(1, 1127),
(2, 3),
(2, 20),
(2, 23),
(2, 38),
(2, 40),
(2, 43),
(2, 56),
(2, 63),
(2, 74),
(2, 81),
(2, 90),
(2, 95),
(2, 100),
(2, 102),
(2, 109),
(2, 116),
(2, 117),
(2, 118),
(2, 119),
(2, 121),
(2, 123),
(2, 124),
(2, 149),
(2, 168),
(2, 172),
(2, 174),
(2, 177),
(2, 185),
(2, 191),
(2, 197),
(2, 238),
(2, 904),
(2, 905),
(2, 968),
(2, 973),
(2, 974),
(2, 975),
(2, 976),
(2, 978),
(2, 979),
(2, 980),
(2, 1020),
(2, 1034),
(2, 1037),
(2, 1038),
(2, 1071),
(2, 1072),
(2, 1131),
(2, 1135),
(2, 1137),
(2, 1140),
(3, 8),
(3, 21),
(3, 25),
(3, 27),
(3, 34),
(3, 38),
(3, 40),
(3, 43),
(3, 46),
(3, 51),
(3, 52),
(3, 53),
(3, 62),
(3, 63),
(3, 65),
(3, 68),
(3, 70),
(3, 78),
(3, 79),
(3, 81),
(3, 82),
(3, 90),
(3, 92),
(3, 94),
(3, 109),
(3, 110),
(3, 111),
(3, 113),
(3, 119),
(3, 124),
(3, 130),
(3, 132),
(3, 133),
(3, 141),
(3, 143),
(3, 144),
(3, 155),
(3, 180),
(3, 183),
(3, 197),
(3, 224),
(3, 904),
(3, 993),
(3, 1034),
(3, 1037),
(3, 1038),
(3, 1072),
(3, 1073),
(3, 1130),
(3, 1133),
(3, 1141),
(3, 1142),
(4, 3),
(4, 4),
(4, 10),
(4, 15),
(4, 27),
(4, 42),
(4, 88),
(4, 95),
(4, 129),
(4, 132),
(4, 133),
(4, 144),
(4, 155),
(4, 172),
(4, 180),
(4, 238),
(4, 321),
(4, 371),
(4, 905),
(4, 1037),
(4, 1038),
(4, 1040),
(4, 1042),
(4, 1044),
(4, 1047),
(4, 1052),
(4, 1054),
(4, 1055),
(4, 1056),
(4, 1059),
(4, 1061),
(4, 1062),
(4, 1063),
(4, 1064),
(4, 1066),
(4, 1067),
(4, 1072),
(4, 1135),
(4, 1142),
(6, 38),
(6, 40),
(6, 53),
(6, 63),
(6, 81),
(6, 83),
(6, 127),
(6, 144),
(6, 169),
(6, 176),
(6, 182),
(6, 190),
(6, 220),
(6, 239),
(6, 904),
(6, 950),
(6, 1034),
(6, 1037),
(6, 1038),
(6, 1072),
(7, 3),
(7, 8),
(7, 21),
(7, 25),
(7, 27),
(7, 34),
(7, 38),
(7, 40),
(7, 42),
(7, 43),
(7, 46),
(7, 51),
(7, 52),
(7, 63),
(7, 64),
(7, 65),
(7, 70),
(7, 72),
(7, 75),
(7, 78),
(7, 79),
(7, 81),
(7, 82),
(7, 90),
(7, 92),
(7, 94),
(7, 98),
(7, 100),
(7, 101),
(7, 109),
(7, 110),
(7, 118),
(7, 119),
(7, 121),
(7, 124),
(7, 126),
(7, 129),
(7, 130),
(7, 133),
(7, 144),
(7, 173),
(7, 177),
(7, 179),
(7, 180),
(7, 191),
(7, 197),
(7, 199),
(7, 224),
(7, 904),
(7, 1002),
(7, 1034),
(7, 1037),
(7, 1038),
(7, 1072),
(7, 1073),
(7, 1133),
(7, 1141),
(7, 1142),
(8, 28),
(8, 29),
(8, 31),
(8, 32),
(8, 35),
(8, 44),
(8, 79),
(8, 90),
(8, 98),
(8, 104),
(8, 120),
(8, 137),
(8, 152),
(8, 166),
(8, 178),
(8, 186),
(8, 187),
(8, 188),
(8, 201),
(8, 208),
(8, 213),
(8, 910),
(8, 1034),
(8, 1123),
(8, 1124),
(8, 1128),
(8, 1141),
(9, 7),
(9, 33),
(9, 37),
(9, 76),
(9, 127),
(9, 142),
(9, 145),
(9, 165),
(9, 204),
(9, 221),
(9, 222),
(9, 235),
(9, 264),
(9, 281),
(9, 1034),
(9, 1072),
(9, 1141),
(10, 12),
(10, 15),
(10, 27),
(10, 41),
(10, 55),
(10, 70),
(10, 72),
(10, 76),
(10, 81),
(10, 92),
(10, 106),
(10, 112),
(10, 133),
(10, 148),
(10, 154),
(10, 193),
(10, 198),
(10, 205),
(10, 207),
(10, 231),
(10, 234),
(10, 261),
(10, 271),
(10, 278),
(10, 347),
(10, 891),
(10, 893),
(10, 896),
(10, 900),
(10, 901),
(10, 902),
(10, 903),
(10, 985),
(10, 989),
(10, 990),
(10, 1034),
(10, 1072),
(10, 1073),
(10, 1074),
(10, 1133),
(10, 1134),
(10, 1141),
(10, 1142),
(11, 70),
(11, 72),
(11, 76),
(11, 81),
(11, 89),
(11, 96),
(11, 99),
(11, 112),
(11, 113),
(11, 114),
(11, 127),
(11, 141),
(11, 145),
(11, 148),
(11, 167),
(11, 170),
(11, 171),
(11, 194),
(11, 195),
(11, 202),
(11, 206),
(11, 209),
(11, 211),
(11, 216),
(11, 219),
(11, 286),
(11, 287),
(11, 342),
(11, 344),
(11, 386),
(11, 892),
(11, 986),
(11, 1033),
(11, 1034),
(11, 1072),
(11, 1073),
(11, 1074),
(11, 1133),
(11, 1134),
(11, 1141),
(11, 1142),
(12, 3),
(12, 18),
(12, 25),
(12, 27),
(12, 34),
(12, 42),
(12, 43),
(12, 46),
(12, 51),
(12, 52),
(12, 58),
(12, 63),
(12, 65),
(12, 70),
(12, 75),
(12, 78),
(12, 79),
(12, 82),
(12, 90),
(12, 92),
(12, 94),
(12, 109),
(12, 110),
(12, 111),
(12, 119),
(12, 130),
(12, 133),
(12, 144),
(12, 160),
(12, 177),
(12, 179),
(12, 183),
(12, 191),
(12, 199),
(12, 904),
(12, 922),
(12, 1034),
(12, 1037),
(12, 1038),
(12, 1039),
(12, 1040),
(12, 1072),
(12, 1073),
(12, 1132),
(12, 1133),
(12, 1138),
(12, 1139),
(12, 1141),
(12, 1142),
(13, 3),
(13, 19),
(13, 27),
(13, 29),
(13, 49),
(13, 59),
(13, 61),
(13, 63),
(13, 66),
(13, 81),
(13, 87),
(13, 88),
(13, 92),
(13, 95),
(13, 98),
(13, 102),
(13, 105),
(13, 110),
(13, 115),
(13, 138),
(13, 148),
(13, 150),
(13, 165),
(13, 175),
(13, 181),
(13, 212),
(13, 214),
(13, 229),
(13, 233),
(13, 234),
(13, 270),
(13, 271),
(13, 277),
(13, 278),
(13, 286),
(13, 342),
(13, 347),
(13, 353),
(13, 895),
(13, 912),
(13, 915),
(13, 922),
(13, 965),
(13, 984),
(13, 985),
(13, 990),
(13, 991),
(13, 992),
(13, 1007),
(13, 1008),
(13, 1021),
(13, 1033),
(13, 1036),
(13, 1069),
(13, 1072),
(13, 1114),
(13, 1115),
(13, 1116),
(13, 1117),
(13, 1118),
(13, 1119),
(13, 1120),
(13, 1121),
(13, 1133),
(14, 29),
(14, 50),
(14, 60),
(14, 61),
(14, 66),
(14, 81),
(14, 87),
(14, 93),
(14, 105),
(14, 150),
(14, 153),
(14, 217),
(14, 893),
(14, 895),
(14, 896),
(14, 897),
(14, 923),
(14, 984),
(14, 991),
(14, 992),
(14, 1029),
(14, 1033),
(14, 1069),
(14, 1072),
(14, 1141),
(15, 29),
(15, 49),
(15, 59),
(15, 61),
(15, 63),
(15, 81),
(15, 87),
(15, 92),
(15, 93),
(15, 105),
(15, 146),
(15, 148),
(15, 150),
(15, 157),
(15, 227),
(15, 229),
(15, 237),
(15, 893),
(15, 896),
(15, 900),
(15, 984),
(15, 989),
(15, 1011),
(15, 1012),
(15, 1072),
(15, 1074),
(15, 1131),
(16, 3),
(16, 4),
(16, 10),
(16, 27),
(16, 29),
(16, 63),
(16, 79),
(16, 81),
(16, 92),
(16, 95),
(16, 102),
(16, 105),
(16, 115),
(16, 123),
(16, 128),
(16, 150),
(16, 157),
(16, 160),
(16, 181),
(16, 210),
(16, 214),
(16, 225),
(16, 226),
(16, 897),
(16, 904),
(16, 922),
(16, 991),
(16, 992),
(16, 1038),
(16, 1039),
(16, 1040),
(16, 1069),
(16, 1072),
(16, 1141),
(16, 1142),
(17, 24),
(17, 25),
(17, 29),
(17, 61),
(17, 90),
(17, 105),
(17, 113),
(17, 114),
(17, 139),
(17, 193),
(17, 214),
(17, 217),
(17, 264),
(17, 287),
(17, 290),
(17, 294),
(17, 302),
(17, 310),
(17, 316),
(17, 340),
(17, 345),
(17, 346),
(17, 350),
(17, 360),
(17, 364),
(17, 369),
(17, 374),
(17, 381),
(17, 386),
(17, 389),
(17, 888),
(17, 889),
(17, 890),
(17, 908),
(17, 923),
(17, 982),
(17, 983),
(17, 1033),
(17, 1036),
(17, 1072),
(17, 1086),
(17, 1087),
(17, 1088),
(17, 1089),
(17, 1091),
(17, 1092),
(17, 1093),
(17, 1094),
(17, 1095),
(17, 1096),
(17, 1097),
(17, 1098),
(17, 1099),
(17, 1100),
(17, 1101),
(18, 105),
(18, 217),
(18, 281),
(18, 290),
(18, 310),
(18, 316),
(18, 340),
(18, 369),
(18, 383),
(18, 917),
(18, 1036),
(18, 1039),
(19, 27),
(19, 88),
(19, 105),
(19, 282),
(19, 297),
(19, 300),
(19, 338),
(19, 339),
(19, 377),
(19, 954),
(19, 981),
(19, 1036),
(19, 1070),
(20, 19),
(20, 63),
(20, 88),
(20, 105),
(20, 244),
(20, 282),
(20, 297),
(20, 320),
(20, 336),
(20, 377),
(20, 942),
(20, 954),
(20, 1021),
(20, 1022),
(20, 1036),
(20, 1037),
(20, 1038),
(20, 1040),
(20, 1141),
(21, 19),
(21, 81),
(21, 88),
(21, 90),
(21, 246),
(21, 252),
(21, 264),
(21, 282),
(21, 314),
(21, 332),
(21, 344),
(21, 359),
(21, 363),
(21, 376),
(21, 918),
(21, 942),
(21, 952),
(21, 1072),
(21, 1141),
(22, 9),
(22, 37),
(22, 55),
(22, 58),
(22, 62),
(22, 69),
(22, 76),
(22, 77),
(22, 88),
(22, 112),
(22, 113),
(22, 121),
(22, 126),
(22, 129),
(22, 143),
(22, 173),
(22, 183),
(22, 325),
(22, 965),
(22, 966),
(22, 967),
(22, 1004),
(22, 1034),
(22, 1036),
(22, 1037),
(22, 1038),
(22, 1039),
(22, 1040),
(22, 1072),
(22, 1073),
(23, 9),
(23, 25),
(23, 29),
(23, 37),
(23, 49),
(23, 55),
(23, 61),
(23, 62),
(23, 66),
(23, 81),
(23, 87),
(23, 88),
(23, 92),
(23, 95),
(23, 105),
(23, 107),
(23, 110),
(23, 112),
(23, 113),
(23, 126),
(23, 129),
(23, 132),
(23, 150),
(23, 299),
(23, 916),
(23, 1033),
(23, 1036),
(23, 1037),
(23, 1038),
(23, 1039),
(23, 1040),
(23, 1072),
(23, 1073),
(23, 1131),
(23, 1141),
(24, 19),
(24, 27),
(24, 58),
(24, 63),
(24, 69),
(24, 77),
(24, 88),
(24, 121),
(24, 128),
(24, 143),
(24, 183),
(24, 203),
(24, 942),
(24, 1034),
(24, 1036),
(24, 1037),
(24, 1038),
(24, 1039),
(24, 1040),
(24, 1072),
(24, 1131),
(24, 1141),
(24, 1142),
(25, 5),
(25, 19),
(25, 77),
(25, 134),
(25, 135),
(25, 136),
(25, 163),
(25, 164),
(25, 223),
(25, 230),
(25, 338),
(25, 907),
(25, 910),
(25, 942),
(25, 1034),
(25, 1125),
(25, 1126),
(25, 1129),
(25, 1136),
(25, 1141);

-- --------------------------------------------------------

--
-- Table structure for table `spec_task`
--
-- Creation: Oct 06, 2017 at 03:01 PM
--

DROP TABLE IF EXISTS `spec_task`;
CREATE TABLE IF NOT EXISTS `spec_task` (
  `spec_id` int(15) NOT NULL,
  `task_id` int(20) NOT NULL,
  PRIMARY KEY (`spec_id`,`task_id`),
  KEY `spec_id` (`spec_id`),
  KEY `task_id` (`task_id`)
) ENGINE=InnoDB DEFAULT CHARSET=latin1;

--
-- Dumping data for table `spec_task`
--

INSERT INTO `spec_task` (`spec_id`, `task_id`) VALUES
(1, 680),
(1, 801),
(1, 949),
(1, 955),
(1, 970),
(1, 1003),
(1, 1017),
(1, 1018),
(1, 1143),
(1, 1148),
(2, 408),
(2, 414),
(2, 417),
(2, 418),
(2, 432),
(2, 446),
(2, 459),
(2, 461),
(2, 465),
(2, 467),
(2, 477),
(2, 506),
(2, 515),
(2, 543),
(2, 602),
(2, 634),
(2, 644),
(2, 645),
(2, 709),
(2, 756),
(2, 764),
(2, 770),
(2, 785),
(2, 826),
(2, 865),
(2, 969),
(2, 970),
(2, 971),
(2, 972),
(2, 1149),
(2, 1150),
(2, 1151),
(3, 412),
(3, 508),
(3, 550),
(3, 694),
(3, 747),
(3, 748),
(3, 757),
(3, 761),
(3, 773),
(3, 858),
(3, 951),
(3, 1006),
(3, 1156),
(4, 455),
(4, 520),
(4, 925),
(4, 927),
(4, 934),
(4, 1076),
(4, 1077),
(4, 1078),
(4, 1079),
(4, 1080),
(4, 1145),
(4, 1147),
(5, 458),
(5, 466),
(5, 476),
(5, 487),
(5, 511),
(5, 517),
(5, 528),
(5, 669),
(5, 700),
(5, 726),
(5, 760),
(5, 789),
(5, 863),
(5, 1003),
(5, 1144),
(6, 412),
(6, 508),
(6, 550),
(6, 694),
(6, 747),
(6, 748),
(6, 757),
(6, 761),
(6, 773),
(6, 858),
(6, 951),
(6, 1006),
(6, 1156),
(7, 416),
(7, 419),
(7, 425),
(7, 426),
(7, 431),
(7, 457),
(7, 494),
(7, 495),
(7, 496),
(7, 500),
(7, 501),
(7, 503),
(7, 516),
(7, 527),
(7, 530),
(7, 531),
(7, 542),
(7, 547),
(7, 626),
(7, 630),
(7, 632),
(7, 648),
(7, 659),
(7, 662),
(7, 737),
(7, 766),
(7, 770),
(7, 803),
(7, 808),
(7, 809),
(7, 850),
(7, 856),
(7, 860),
(7, 874),
(7, 877),
(7, 997),
(7, 998),
(7, 999),
(7, 1000),
(7, 1152),
(8, 400),
(8, 401),
(8, 498),
(8, 520),
(8, 529),
(8, 664),
(8, 684),
(8, 688),
(8, 690),
(8, 702),
(8, 712),
(8, 740),
(8, 796),
(8, 815),
(8, 1154),
(8, 1155),
(9, 428),
(9, 554),
(9, 639),
(9, 665),
(9, 695),
(9, 698),
(9, 714),
(9, 813),
(9, 830),
(9, 859),
(9, 866),
(10, 462),
(10, 522),
(10, 555),
(10, 617),
(10, 656),
(10, 666),
(10, 667),
(10, 673),
(10, 718),
(10, 736),
(10, 802),
(10, 829),
(10, 857),
(11, 434),
(11, 452),
(11, 456),
(11, 499),
(11, 518),
(11, 521),
(11, 668),
(11, 683),
(11, 695),
(11, 701),
(11, 713),
(11, 728),
(11, 763),
(11, 776),
(11, 781),
(11, 811),
(11, 835),
(11, 1153),
(12, 419),
(12, 420),
(12, 421),
(12, 525),
(12, 559),
(12, 571),
(12, 572),
(12, 576),
(12, 593),
(12, 616),
(12, 652),
(12, 653),
(12, 660),
(12, 661),
(12, 670),
(12, 671),
(12, 708),
(12, 717),
(12, 729),
(12, 754),
(12, 767),
(12, 782),
(12, 795),
(12, 806),
(12, 809),
(12, 876),
(12, 880),
(12, 938),
(13, 427),
(13, 433),
(13, 472),
(13, 716),
(13, 723),
(13, 745),
(13, 750),
(13, 800),
(13, 823),
(13, 956),
(13, 958),
(13, 959),
(13, 961),
(13, 1010),
(13, 1102),
(13, 1103),
(13, 1104),
(13, 1105),
(13, 1107),
(13, 1108),
(13, 1109),
(13, 1110),
(13, 1111),
(13, 1112),
(13, 1113),
(14, 470),
(14, 478),
(14, 716),
(14, 738),
(14, 741),
(14, 743),
(14, 755),
(14, 762),
(14, 823),
(14, 861),
(14, 882),
(14, 961),
(14, 1030),
(14, 1031),
(15, 393),
(15, 471),
(15, 481),
(15, 643),
(15, 654),
(15, 769),
(15, 960),
(16, 411),
(16, 448),
(16, 685),
(16, 692),
(16, 784),
(16, 939),
(16, 940),
(16, 941),
(17, 429),
(17, 438),
(17, 447),
(17, 463),
(17, 480),
(17, 482),
(17, 541),
(17, 564),
(17, 573),
(17, 613),
(17, 620),
(17, 622),
(17, 636),
(17, 743),
(17, 749),
(17, 752),
(17, 753),
(17, 758),
(17, 759),
(17, 768),
(17, 771),
(17, 786),
(17, 799),
(17, 817),
(17, 819),
(17, 825),
(17, 839),
(17, 846),
(17, 868),
(17, 870),
(17, 871),
(17, 872),
(17, 882),
(17, 944),
(17, 1081),
(17, 1082),
(17, 1083),
(17, 1084),
(17, 1085),
(18, 402),
(18, 429),
(18, 447),
(18, 454),
(18, 507),
(18, 512),
(18, 564),
(18, 597),
(18, 613),
(18, 620),
(18, 623),
(18, 633),
(18, 635),
(18, 636),
(18, 637),
(18, 642),
(18, 649),
(18, 663),
(18, 788),
(18, 792),
(18, 843),
(18, 871),
(19, 390),
(19, 398),
(19, 451),
(19, 539),
(19, 574),
(19, 599),
(19, 607),
(19, 612),
(19, 618),
(19, 655),
(19, 675),
(19, 787),
(19, 834),
(20, 410),
(20, 424),
(20, 485),
(20, 492),
(20, 524),
(20, 539),
(20, 565),
(20, 594),
(20, 629),
(20, 641),
(20, 720),
(20, 724),
(20, 812),
(20, 838),
(20, 840),
(20, 847),
(20, 854),
(20, 884),
(20, 919),
(20, 946),
(20, 955),
(20, 1023),
(20, 1024),
(20, 1025),
(20, 1026),
(20, 1027),
(20, 1041),
(21, 453),
(21, 479),
(21, 490),
(21, 491),
(21, 504),
(21, 510),
(21, 538),
(21, 551),
(21, 567),
(21, 606),
(21, 624),
(21, 778),
(21, 779),
(21, 841),
(21, 842),
(21, 845),
(21, 855),
(21, 885),
(21, 953),
(22, 397),
(22, 440),
(22, 584),
(22, 585),
(22, 590),
(22, 598),
(22, 600),
(22, 731),
(22, 733),
(22, 790),
(22, 816),
(22, 824),
(22, 828),
(22, 852),
(22, 869),
(22, 962),
(22, 963),
(22, 964),
(22, 1016),
(22, 1017),
(22, 1041),
(23, 391),
(23, 392),
(23, 395),
(23, 396),
(23, 445),
(23, 473),
(23, 475),
(23, 578),
(23, 596),
(23, 600),
(23, 628),
(23, 640),
(23, 674),
(23, 676),
(23, 677),
(23, 679),
(23, 680),
(23, 705),
(23, 706),
(23, 707),
(23, 711),
(23, 730),
(23, 801),
(23, 810),
(23, 818),
(23, 848),
(23, 862),
(23, 919),
(23, 947),
(23, 948),
(23, 949),
(23, 1018),
(23, 1032),
(23, 1035),
(23, 1041),
(24, 537),
(24, 548),
(24, 566),
(24, 691),
(24, 696),
(24, 710),
(24, 772),
(24, 775),
(24, 798),
(24, 827),
(24, 836),
(24, 878),
(24, 879),
(24, 936),
(24, 937),
(24, 1146),
(25, 394),
(25, 464),
(25, 505),
(25, 513),
(25, 519),
(25, 721),
(25, 777),
(25, 794),
(25, 814);

-- --------------------------------------------------------

--
-- Table structure for table `student`
--
-- Creation: Sep 29, 2017 at 02:42 PM
--

DROP TABLE IF EXISTS `student`;
CREATE TABLE IF NOT EXISTS `student` (
  `user_id` int(15) NOT NULL,
  `user_name` varchar(40) NOT NULL,
  `user_pass` varchar(20) NOT NULL,
  PRIMARY KEY (`user_id`),
  UNIQUE KEY `user_name` (`user_name`)
) ENGINE=InnoDB DEFAULT CHARSET=latin1;

-- --------------------------------------------------------

--
-- Table structure for table `task`
--
-- Creation: Oct 03, 2017 at 05:45 PM
--

DROP TABLE IF EXISTS `task`;
CREATE TABLE IF NOT EXISTS `task` (
  `task_id` int(15) NOT NULL,
  `task_statement` text NOT NULL,
  PRIMARY KEY (`task_id`)
) ENGINE=InnoDB DEFAULT CHARSET=latin1;

--
-- Dumping data for table `task`
--

INSERT INTO `task` (`task_id`, `task_statement`) VALUES
(0, 'null'),
(390, 'Acquire and maintain a working knowledge of relevant laws, regulations, policies, standards, or procedures.'),
(391, 'Acquire and manage the necessary resources, including leadership support,  financial resources, and key security personnel, to support information technology (IT) security goals, and reduce overall organizational risk.'),
(392, 'Acquire necessary resources, including financial resources, to conduct an effective enterprise continuity of operations program.'),
(393, 'Administer Enterprise Network Defense (END) test bed(s), and test and evaluate new cyber defense applications, rules/signatures, access controls, and configurations of platforms managed by service provider(s).'),
(394, 'Administer the indexing/cataloguing, storage, and access of organizational documents.'),
(395, 'Advise senior management (e.g., Chief Information Officer [CIO]) on risk levels and security posture.'),
(396, 'Advise senior management (e.g., Chief Information Officer [CIO]) on cost-benefit analysis of information security programs, policies, processes, systems, and elements.'),
(397, 'Advise appropriate senior leadership or authorizing official of charges affecting the organization\'s information assurance (IA) posture.'),
(398, 'Advocate organization\'s official position in legal and legislative proceedings.'),
(400, 'Analyze and define data requirements and specifications.'),
(401, 'Analyze and plan for anticipated changes in data capacity requirements.'),
(402, 'Analyze computer-generated threats.'),
(408, 'Analyze information to determine, recommend, and plan the development of a new application or modification of an existing application.'),
(410, 'Analyze organizational information security policy.'),
(411, 'Analyze organization\'s Enterprise Network Defense (END) policies and configurations and evaluate compliance with regulations and organizational directives.'),
(412, 'Analyze the results of end-to-end testing (e.g., software, hardware, transport, seams, interfaces).'),
(414, 'Analyze user needs and software requirements to determine feasibility of design within time and cost constraints.'),
(416, 'Analyzes design constraints, trade-offs, and detailed system and security designs to identify necessary lifecycle support.'),
(417, 'Apply coding and testing standards, security testing tools (including ‘fuzzing’ static-analysis code scanning tools), and conduct code reviews.'),
(418, 'Apply secure code documentation.'),
(419, 'Apply security policies to applications that interface with one another, such as Business-to-Business (B2B) applications.'),
(420, 'Apply security policies to meet security objectives of the system.'),
(421, 'Apply service-oriented architecture security architecture principles to meet organization\'s confidentiality, integrity, and availability requirements.'),
(424, 'Assess policy needs and collaborate with stakeholders to develop policies to govern information technology (IT) activities.'),
(425, 'Assess the effectiveness of information protection measures utilized by system(s).'),
(426, 'Assess threats to and vulnerabilities of computer system(s) to develop a security risk profile.'),
(427, 'Develop content for cyber defense tools.'),
(428, 'Assist in the execution of disaster recovery and continuity of operations plans.'),
(429, 'Assist in the gathering and preservation of evidence used in the prosecution of computer crimes.'),
(431, 'Build, test, and modify product prototypes using working models or theoretical models.'),
(432, 'Capture security controls used during the requirements phase to integrate security within the process, identify key security objectives, and maximize software security while minimizing disruption to plans and schedules.'),
(433, 'Characterize and analyze network traffic to identify anomalous activity and potential threats to network resources.'),
(434, 'Check server availability, functionality, integrity, and efficiency.'),
(438, 'Collect and analyze intrusion artifacts (e.g., source code, malware, and trojans) and use discovered data to enable mitigation of potential Enterprise Network Defense (END) incidents within the enterprise.'),
(440, 'Collect and maintain data needed to meet system information assurance (IA) reporting.'),
(445, 'Communicate the value of information technology (IT) security throughout all levels of the organization\'s stakeholders.'),
(446, 'Compile and write documentation of program development and subsequent revisions, inserting comments in the coded instructions so others can understand the program.'),
(447, 'Conduct analysis of log files, evidence, and other information in order to determine best methods for identifying the perpetrator(s) of a network intrusion.'),
(448, 'Conduct and/or support authorized penetration testing on enterprise network assets.'),
(451, 'Conduct framing of allegations to determine proper identification of law, regulatory or policy/guidance of violation.'),
(452, 'Conduct functional and connectivity testing to ensure continuing operability.'),
(453, 'Conduct interactive training exercises to create an effective learning environment.'),
(454, 'Conduct interviews of victims and witnesses and conduct interviews or interrogations of suspects.'),
(455, 'Conduct continuous analysis to identify network and system vulnerabilities.'),
(456, 'Conduct periodic server maintenance including cleaning (both physically and electronically), disk checks, routine reboots, data dumps, and testing.'),
(457, 'Conduct Privacy Impact Analysis (PIA) of the applications security design for the appropriate security controls, which protect the confidentiality and integrity of Personal Identifiable Information (PII).'),
(458, 'Conduct risk analysis, feasibility study, and/or trade-off analysis to develop, document, and refine functional requirements and specifications.'),
(459, 'Conduct trial runs of programs and software applications to ensure the desired information is produced and instructions are correct.'),
(461, 'Confer with systems analysts, engineers, programmers, and others to design applications and obtain information on project limitations and capabilities, performance requirements, and interfaces.'),
(462, 'Configure and optimize network hubs, routers, and switches (e.g., higher-level protocols, tunneling).'),
(463, 'Confirm what is known about an intrusion and discover new information, if possible, after identifying intrusion via dynamic analysis.'),
(464, 'Construct access paths to suites of information (e.g., link pages) to facilitate access by end-users.'),
(465, 'Develop threat model based on customer interviews and requirements.'),
(466, 'Consult with customers to evaluate functional requirements.'),
(467, 'Consult with engineering staff to evaluate interface between hardware and software.'),
(470, 'Coordinate and provide expert technical support to enterprise-wide Enterprise Network Defense (END) technicians to resolve cyber defense incidents.'),
(471, 'Coordinate with Enterprise Network Defense (END) Analysts to manage and administer the updating of rules and signatures (e.g., intrusion detection/protection systems, anti-virus, and content blacklists) for specialized cyber defense applications.'),
(472, 'Coordinate with Enterprise Network Defense (END) staff to validate network alerts.'),
(473, 'Collaborate with organizational managers to support organizational objectives.'),
(475, 'Collaborate with stakeholders to establish the enterprise continuity of operations program, strategy, and mission assurance.'),
(476, 'Coordinate with systems architects and developers, as needed, to provide oversight in the development of design solutions.'),
(477, 'Correct errors by making appropriate changes and rechecking the program to ensure desired results are produced.'),
(478, 'Correlate incident data to identify specific vulnerabilities and make recommendations that enable expeditious remediation.'),
(479, 'Correlate business or mission requirements to training.'),
(480, 'Create a forensically sound duplicate of the evidence (i.e., forensic image) that ensures the original evidence is not unintentionally modified, to use for data recovery and analysis processes. This includes, but is not limited to, hard drives, floppy diskettes, compact discs (CDs), personal digital assistants (PDAs), mobile phones, global positioning satellite devices (GPSs), and all tape formats.'),
(481, 'Create, edit, and manage changes to network access control lists on specialized Enterprise Network Defense (END) systems (e.g., firewalls and intrusion prevention systems).'),
(482, 'Decrypt seized data using technical means.'),
(485, 'Define current and future business environments.'),
(487, 'Define project scope and objectives based on customer requirements.'),
(490, 'Deliver training courses tailored to the audience and physical environment.'),
(491, 'Demonstrate concepts, procedures, software, equipment, technology applications to coworkers, subordinates, or others.'),
(492, 'Design a cybersecurity strategy that outlines the vision, mission, and goals that align with the organization’s strategic plan.'),
(494, 'Design and develop information assurance (IA) or IA-enabled tools.'),
(495, 'Design and develop secure interface specifications between interconnected systems.'),
(496, 'Design, develop, integrate, and update system security measures (including policies and requirements) that provide confidentiality, integrity, availability, authentication, and non-repudiation.'),
(498, 'Design and implement database systems.'),
(499, 'Design group policies and access control lists to ensure compatibility with organizational standards, business rules, and needs.'),
(500, 'Design hardware, operating systems, and software applications to adequately addresses information assurance (IA) security requirements.'),
(501, 'Design or integrate appropriate data backup capabilities into overall system designs, and ensure appropriate technical and procedural processes exist for secure system backups and protected storage of backup data.'),
(503, 'Design systems to the minimum security requirements to ensure requirements are met for all systems and/or applications.'),
(504, 'Design training curriculum and course content.'),
(505, 'Design, build, implement, and maintain a knowledge management system that provides end-users access to the organization’s intellectual capital.'),
(506, 'Design, develop, and modify software systems using scientific analysis and mathematical models to predict and measure outcome and consequences of design.'),
(507, 'Determine and develop leads and identify sources of information in order to identify and prosecute the responsible parties to an intrusion.'),
(508, 'Determine level of assurance of developed capabilities based on test results.'),
(510, 'Determine training requirements (e.g., subject matter, format, location).'),
(511, 'Develop an enterprise system security context, a preliminary system security concept of operations, and define baseline security requirements in accordance with applicable information assurance (IA) requirements.'),
(512, 'Develop a plan to investigate alleged crime, violation, or suspicious activity utilizing computers and the internet.'),
(513, 'Develop an understanding of the needs and requirements of information end-users.'),
(515, 'Develop and direct software system testing and validation procedures, programming, and documentation.'),
(516, 'Develop and oversee system testing and validation procedures and documentation.'),
(517, 'Develop and document requirements, capabilities, and constraints for design procedures and processes.'),
(518, 'Develop and document systems administration standard operating procedures.'),
(519, 'Develop and implement control procedures into the testing and development of core information technology (IT) based knowledge management systems.'),
(520, 'Review and validate data mining and data warehousing programs, processes, and requirements.'),
(521, 'Develop and implement local network usage policies and procedures.'),
(522, 'Develop and implement network backup and recovery procedures.'),
(524, 'Develop and maintain strategic plans.'),
(525, 'Develop and test system fail-over or system operations transfer to an alternate site based on system availability requirements.'),
(527, 'Develop architectures or system components consistent with technical specifications.'),
(528, 'Develop cost estimates for future new or modified system(s).'),
(529, 'Develop data standards, policies, and procedures.'),
(530, 'Develop detailed security design documentation for component and interface specifications to support system design and development.'),
(531, 'Develop disaster recovery and continuity of operations plans for systems under development, and ensure testing prior to systems entering a production environment.'),
(537, 'Develop methods to monitor and measure risk, compliance, and assurance efforts.'),
(538, 'Develop new or identify existing awareness and training materials that are appropriate for intended audiences.'),
(539, 'Develop policy, programs, and guidelines for implementation.'),
(541, 'Provide technical summary of findings in accordance with established reporting procedures.'),
(542, 'Develop risk mitigation strategies to resolve vulnerabilities and recommend security changes to system or system components as needed.'),
(543, 'Develop secure code and error messages.'),
(547, 'Develop specific information assurance (IA) countermeasures and risk mitigation strategies for systems and/or applications.'),
(548, 'Develop specifications to ensure risk, compliance, and assurance efforts conform with security, resilience, and dependability requirements at the software application, system, and network environment level.'),
(550, 'Develop test plans to address specifications and requirements.'),
(551, 'Develop the goals and objectives for cybersecurity training, education, or awareness.'),
(554, 'Diagnose and resolve customer reported system incidents.'),
(555, 'Diagnose network connectivity problems.'),
(559, 'Discover organizational trends with regard to the security posture of systems.'),
(564, 'Document original condition of digital and/or associated evidence (e.g., via digital photographs, written reports, etc.).'),
(565, 'Draft and publish security policy.'),
(566, 'Draft statements of preliminary or residual security risks for system operation.'),
(567, 'Educate customers in established procedures and processes to ensure professional media standards are met.'),
(571, 'Ensure all systems security operations and maintenance activities are properly documented and updated as necessary.'),
(572, 'Ensure application of security patches for commercial products integrated into system design meet the timelines dictated by the management authority for the intended operational environment.'),
(573, 'Ensure chain of custody is followed for all digital media acquired in accordance with the Federal Rules of Evidence.'),
(574, 'Evaluate, monitor, and ensure compliance with information communication technology (ICT) security policies and relevant legal and regulatory requirements.'),
(576, 'Ensure information assurance-enabled products or other compensating security control technologies reduce identified risk to an acceptable level.'),
(578, 'Ensure security improvement actions are evaluated, validated, and implemented as required.'),
(584, 'Ensure that information assurance (IA) inspections, tests, and reviews are coordinated for the network environment.'),
(585, 'Ensure that information assurance (IA) requirements are integrated into the continuity planning for that system and/or organization(s).'),
(590, 'Ensure that protection and detection capabilities are acquired or developed using the Information system security engineering approach and are consistent with organization-level information assurance (IA) architecture.'),
(593, 'Establish adequate access controls based on principles of least privilege and need-to-know'),
(594, 'Establish and maintain communication channels with stakeholders.'),
(596, 'Establish overall enterprise information security architecture (EISA) with the organization\'s overall security strategy.'),
(597, 'Establish relationships, if applicable, between the incident response team and other groups, both internal (e.g., legal department) and external (e.g., law enforcement agencies, vendors, and public relations professionals).'),
(598, 'Evaluate and approve development efforts to ensure that baseline security safeguards are appropriately installed.'),
(599, 'Evaluate contracts to ensure compliance with funding, legal, and program requirements.'),
(600, 'Evaluate cost-benefit, economic, and risk analysis in decision-making process.'),
(602, 'Evaluate factors such as reporting formats required, cost constraints, and need for security restrictions to determine hardware configuration.'),
(606, 'Evaluate the effectiveness and comprehensiveness of existing training programs.'),
(607, 'Evaluate the effectiveness of laws, regulations, policies, standards, or procedures.'),
(612, 'Evaluate the impact (e.g., costs or benefits) of changes to laws, regulations, policies, standards, or procedures.'),
(613, 'Examine recovered data for information of relevance to the issue at hand.'),
(616, 'Exercise the system disaster recovery and continuity of operations plans.'),
(617, 'Expand or modify network infrastructure to serve new purposes or improve work flow.'),
(618, 'Explain or provide guidance on laws, regulations, policies, standards, or procedures to management, personnel, or clients.'),
(620, 'Employ IT systems and digital storage media to solve and prosecute cybercrimes and fraud committed against people and property.'),
(622, 'Formulate a strategy to ensure chain of custody is maintained in such a way that the evidence is not altered (e.g., phones/PDAs need a power source, hard drives need protection from shock and strong magnetic fields).'),
(623, 'Fuse computer network attack analyses with criminal and counterintelligence investigations and operations.'),
(624, 'Guide employees through relevant development and training choices.'),
(626, 'Identifies components or elements, allocate security functions to those elements, and describe the relationships between the elements.'),
(628, 'Identify alternative information security strategies to address organizational security objective.'),
(629, 'Identify and address information technology (IT) workforce planning and management issues, such as recruitment, retention, and training.'),
(630, 'Identify and direct the remediation of technical problems encountered during testing and implementation of new systems (e.g., identify and find work-arounds for communication protocols that are not interoperable).'),
(632, 'Identify and prioritize essential system functions or sub-systems, as may be necessary to support essential capabilities or business functions; in the event of  system failure or system recovery, observe, and adhere to overall system requirements for continuity and availability.'),
(633, 'Identify and/or determine whether a security incident is indicative of a violation of law that requires specific legal action.'),
(634, 'Identify basic common coding flaws at a high level.'),
(635, 'Identify data or intelligence of evidentiary value to support counterintelligence and criminal investigations.'),
(636, 'Identify digital evidence for examination and analysis in such a way as to avoid unintentional alteration.'),
(637, 'Identify elements of proof of the crime.'),
(639, 'Identify end-user requirements for software and hardware solutions.'),
(640, 'Identify information technology (IT) security program implications of new technologies or technology upgrades.'),
(641, 'Identify organizational policy stakeholders.'),
(642, 'Identify outside attackers accessing the system from Internet or insider attackers (e.g., authorized users attempting to gain and misuse non-authorized privileges).'),
(643, 'Identify potential conflicts with implementation of any cyber defense tools within the Enterprise Network Defense (END) provider area of responsibility (e.g., tool and signature testing and optimization).'),
(644, 'Identify security implications and apply methodologies within centralized and decentralized environments across the enterprise\'s computer systems in software development.'),
(645, 'Identify security issues around steady state operation and management of software, and incorporate security measures that must be taken when a product reaches the end of its life.'),
(648, 'Identify, assess, and recommend information assurance (IA) or IA-enabled products for use within a system and ensure recommended products are in compliance with organization\'s evaluation and validation requirements.'),
(649, 'Identify, collect, and seize documentary or physical evidence, to include digital media and logs associated with cyber intrusion incidents, investigations, and operations.'),
(652, 'Implement and/or integrate security measures for use in system(s) and ensure that system designs incorporate security configuration guidelines.'),
(653, 'Implement security designs and approaches to resolve vulnerabilities, mitigate risks, and recommend security changes to system or system components as needed.'),
(654, 'Implement Risk Management Framework (RMF)/Security Assessment and Authorization (SA&A) requirements for specialized Enterprise Network Defense (END) systems within the enterprise, and document and maintain records for them.'),
(655, 'Implement new or revised laws, regulations, executive orders, policies, standards, or procedures.'),
(656, 'Implement new system design procedures, test procedures, and quality standards.'),
(659, 'Implement security designs for new or existing system(s).'),
(660, 'Implement specific information assurance (IA) countermeasures for systems and/or applications.'),
(661, 'Implement system security measures that provide confidentiality, integrity, availability, authentication, and non-repudiation.'),
(662, 'Incorporate information assurance (IA) vulnerability solutions into system designs (e.g., IA Vulnerability Alerts).'),
(663, 'Conduct large-scale investigations of criminal activities involving complicated computer programs and networks.'),
(664, 'Install and configure database management systems software.'),
(665, 'Install and configure hardware, software, and peripheral equipment for system users.'),
(666, 'Install and maintain network infrastructure device operating system software (e.g., Interwork Operating System [IOS], firmware).'),
(667, 'Install or replace network hubs, routers, and switches.'),
(668, 'Install server fixes, updates, and enhancements.'),
(669, 'Integrate and align information security and/or information assurance (IA) policies to ensure system analysis meets security requirements.'),
(670, 'Integrate and/or implement Cross Domain Solutions (CDS) in a classified environment (Primarily applicable to government agencies).'),
(671, 'Integrate automated capabilities for updating or patching system software where practical, and develop processes and procedures for manual system software updating and patching using current and projected patch timeline requirements for the system’s operational environment.'),
(673, 'Integrate new systems into existing network architecture.'),
(674, 'Interface and disseminate necessary cyber event information to appropriate external organizations and audiences.'),
(675, 'Interpret and apply laws, regulations, policies, standards, or procedures to specific issues.'),
(676, 'Interpret and/or approve security requirements relative to the capabilities of new information technologies.'),
(677, 'Interpret patterns of non-compliance to determine their impact on the enterprise\'s levels of risk and/or the information assurance (IA) program\'s overall effectiveness.'),
(679, 'Manage alignment of information technology (IT) security priorities with the organization\'s security strategy.'),
(680, 'Lead and oversee information security budget, staffing, and contracting.'),
(683, 'Maintain baseline system security according to organizational policies.'),
(684, 'Maintain database management systems software.'),
(685, 'Maintain deployable cyber defense audit toolkit (e.g., specialized cyber defense software and hardware) to support Enterprise Network Defense (END) audit missions.'),
(688, 'Maintain directory replication services that enable information to replicate automatically from rear servers to forward units via optimized routing.'),
(690, 'Maintain information exchanges through publish, subscribe, and alert functions that enable users to send and receive critical information as required.'),
(691, 'Maintain information systems assurance and accreditation materials.'),
(692, 'Maintain knowledge of applicable Enterprise Network Defense (END) policies, regulations, and compliance documents specifically related to cyber defense auditing.'),
(694, 'Make recommendations based on test results.'),
(695, 'Manage accounts, network rights, and access to systems and equipment.'),
(696, 'Manage and approve Accreditation Packages (e.g., International Organization for Standardization/International Electrotechnical Commission [ISO/IEC] 15026-2).'),
(698, 'Manage inventory of information technology (IT) resources.'),
(700, 'Manage information technology (IT) projects to ensure that developed solutions meet customer requirements.'),
(701, 'Manage server resources including performance, capacity, availability, serviceability, and recoverability.'),
(702, 'Manage the compilation, cataloging, caching, distribution, and retrieval of data.'),
(705, 'Manage the monitoring of information security data sources to maintain organizational situational awareness.'),
(706, 'Publish cyber defense techniques and guidance (e.g., Time Compliance Network Orders [TCNOs], concept of operations, net analyst reports) for the organization.'),
(707, 'Manage threat or target analysis of adversary\'s cyber activity information and production of threat information within the enterprise.'),
(708, 'Identify and correct security deficiencies discovered during security and certification testing and continuous monitoring, or identify risk acceptance for the appropriate senior leader or authorized representative.'),
(709, 'Modify existing software to correct errors, adapt it to new hardware or upgrade interfaces, and improve performance.'),
(710, 'Monitor and evaluate a system’s compliance with information technology (IT) security, resilience, and dependability requirements.'),
(711, 'Monitor and evaluate the effectiveness of the enterprise\'s information assurance (IA) security safeguards to  ensure they provide the intended level of protection.'),
(712, 'Monitor and maintain databases to ensure optimal performance.'),
(713, 'Monitor and maintain server configuration.'),
(714, 'Monitor client-level computer system performance.'),
(716, 'Monitor external data sources (e.g., Enterprise Network Defense (END) vendor sites, Computer Emergency Response Teams, SANS, Security Focus) to maintain currency of END threat condition and determine which security issues may have an impact on the enterprise.'),
(717, 'Monitor information protection assurance mechanisms related to system implementation and testing practices.'),
(718, 'Monitor network capacity and performance.'),
(720, 'Monitor the rigorous application of information security/information assurance (IA) policies, principles, and practices in the delivery of planning and management services.'),
(721, 'Monitor and report the usage of knowledge management assets and resources.'),
(723, 'Document and escalate incidents, including event\'s history, status, and potential impact for further action, that may cause ongoing and immediate impact to the environment.'),
(724, 'Obtain consensus on proposed policy change from stakeholders.'),
(726, 'Oversee and make recommendations regarding configuration management.'),
(728, 'Oversee installation, implementation, configuration, and support of network components.'),
(729, 'Oversee minimum security requirements are in place for all applications.'),
(730, 'Oversee the information security training and awareness program.'),
(731, 'Participate in information security risk assessment during the Security Assessment and Authorization (SA&A) process.'),
(733, 'Participate in the development or modification of the computer environment information assurance (IA) security program plans and requirements.'),
(736, 'Patch network vulnerabilities to ensure information is safeguarded against outside parties.'),
(737, 'Perform an information security risk assessment and design security countermeasures to mitigate identified risks.'),
(738, 'Perform analysis of log files from a variety of sources (e.g., individual host logs, network traffic logs, firewall logs, and intrusion detection system [IDS] logs) to identify possible threats to network security.'),
(740, 'Perform backup and recovery of databases to ensure data integrity.'),
(741, 'Perform command and control functions in response to incidents.'),
(743, 'Perform Enterprise Network Defense (END) incident triage, to include determining scope, urgency, and potential impact; identifying the specific vulnerability; and making recommendations that enable expeditious remediation.'),
(745, 'Perform cyber defense trend analysis and reporting.'),
(747, 'Perform conformance testing to assess whether a system complies with defined specifications or standards.'),
(748, 'Perform developmental testing on systems being concurrently developed.'),
(749, 'Perform dynamic analysis to boot an image of a drive (without necessarily having the original drive) to see the intrusion as the user may have seen it in a native environment.'),
(750, 'Perform event correlation using information gathered from a variety of sources within the enterprise to gain situational awareness and determine the effectiveness of an observed attack.'),
(752, 'Perform file signature analysis.'),
(753, 'Perform hash comparison against established database.'),
(754, 'Perform information assurance (IA) testing of developed applications and/or systems to identify security vulnerabilities such as SQL injection or cross-site scripting.'),
(755, 'Perform initial, forensically sound collection of images and inspect to discern possible mitigation/remediation on enterprise systems.'),
(756, 'Perform integrated quality assurance testing for security functionality and resiliency attacks.'),
(757, 'Perform interoperability testing on systems exchanging electronic information with systems of other organizations.'),
(758, 'Perform real-time forensic analysis (e.g., using Helix in conjunction with LiveView).'),
(759, 'Perform timeline analysis.'),
(760, 'Perform needs analysis to determine opportunities for new and improved business process solutions.'),
(761, 'Perform operational testing to evaluate systems in an operational environment.'),
(762, 'Perform real-time Enterprise Network Defense (END) incident handling (e.g., forensic collections, intrusion correlation and tracking, threat analysis, and direct system remediation) tasks to support deployable Incident Response Teams (IRTs).'),
(763, 'Perform repairs on faulty server hardware.'),
(764, 'Perform secure programming and identify potential flaws in codes to mitigate vulnerabilities.'),
(766, 'Perform security reviews and identify security gaps in security architecture.'),
(767, 'Perform security reviews and identify security gaps in security architecture, resulting in recommendations for the inclusion into the risk mitigation strategy.'),
(768, 'Perform static media analysis.'),
(769, 'Perform system administration on specialized Enterprise Network Defense (END) applications and systems (e.g., anti-virus, audit and remediation) or Virtual Private Network (VPN) devices, to include installation, configuration, maintenance, backup and restoration.'),
(770, 'Perform risk analysis (e.g., threat, vulnerability, and probability of occurrence)  whenever an application or system undergoes a major change.'),
(771, 'Perform tier 1, 2, and 3 malware analysis.'),
(772, 'Perform validation steps, comparing actual results with expected results and analyze the differences to identify impact and risks.'),
(773, 'Perform validation testing to ensure requirements meet proposed specifications or standards and that correct specifications or standards are available.'),
(775, 'Plan and conduct security authorization reviews and assurance case development for initial installation of systems and networks.'),
(776, 'Plan and coordinate the installation of new or modified hardware, operating systems, and other baseline software.'),
(777, 'Plan and manage the delivery of knowledge management projects.'),
(778, 'Plan classroom techniques and formats (e.g., lectures, demonstrations, interactive exercises, multimedia presentations) for most effective learning environment.'),
(779, 'Plan non-classroom educational techniques and formats (e.g., video courses, personal coaching, web-based courses).'),
(781, 'Plan, execute, and verify data redundancy and system recovery procedures.'),
(782, 'Plans and recommend modifications or adjustments based on exercise results or system environment.'),
(784, 'Prepare audit reports that identify technical and procedural findings, and provide recommended remediation strategies/solutions.'),
(785, 'Prepare detailed workflow charts and diagrams that describe input, output, and logical operation, and convert them into a series of instructions coded in a computer language.'),
(786, 'Prepare digital media for imaging by ensuring data integrity (e.g., write blockers in accordance with standard operating procedures).'),
(787, 'Prepare legal documents (e.g., depositions, briefs, affidavits, declarations, appeals, pleadings, discovery).'),
(788, 'Prepare reports to document analysis.'),
(789, 'Prepare use cases to justify the need for specific information technology (IT) solutions.'),
(790, 'Prepare, distribute, and maintain plans, instructions, guidance, and standard operating procedures concerning the security of network system(s) operations.'),
(792, 'Process crime scenes.'),
(794, 'Promote knowledge sharing through an organization’s operational processes and systems by strengthening links between knowledge sharing and information technology (IT) systems.'),
(795, 'Properly document all systems security implementation, operations and maintenance activities and updated as necessary.'),
(796, 'Provide a managed flow of relevant information (via web-based portals or other means) based on a mission requirements.'),
(798, 'Provide an accurate technical evaluation of the software application, system, or network, documenting the security posture, capabilities, and vulnerabilities against relevant information assurance (IA) compliances.'),
(799, 'Provide consultation to investigators and prosecuting attorneys regarding the findings of computer examinations.'),
(800, 'Provide daily summary reports of network events and activity relevant to Enterprise Network Defense (END) practices.'),
(801, 'Provide enterprise information assurance (IA) and supply chain risk management guidance for development of the Continuity of Operations Plans.'),
(802, 'Provide feedback on network requirements, including network architecture and infrastructure.'),
(803, 'Provide guidelines for implementing developed systems to customers or installation teams.'),
(806, 'Provide information assurance (IA) guidance to leadership.'),
(808, 'Provide input to implementation plans and standard operating procedures.'),
(809, 'Provide input to the Risk Management Framework (RMF) process activities and related documentation (e.g., system lifecycle support plans, concept of operations, operational procedures, and maintenance training materials).'),
(810, 'Provide leadership and direction to information technology (IT) personnel by ensuring that information assurance (IA) security awareness, basics, literacy, and training are provided to operations personnel commensurate with their responsibilities.'),
(811, 'Provide ongoing optimization and problem solving support.'),
(812, 'Provide policy guidance to information technology (IT) management, staff, and users.'),
(813, 'Provide recommendations for possible improvements and upgrades.'),
(814, 'Provide recommendations on data structures and databases that ensure correct and quality production of reports/management information.'),
(815, 'Provide recommendations on new database technologies and architectures.'),
(816, 'Provide system related input on information assurance (IA) security requirements to be included in statements of work and other appropriate procurement documents.'),
(817, 'Provide technical assistance on digital evidence matters to appropriate personnel.'),
(818, 'Provide technical documents, incident reports, findings from computer examinations, summaries, and other situational awareness information to higher headquarters.'),
(819, 'Provide testimony related to computer examinations.'),
(823, 'Receive and analyze network alerts from various sources within the enterprise and determines possible causes of such alerts.'),
(824, 'Recognize a possible security violation and take appropriate action to report the incident, as required.'),
(825, 'Recognize and accurately report forensic artifacts indicative of a particular operating system.'),
(826, 'Recognize security implications in the software acceptance phase, including completion criteria, risk acceptance and documentation, common criteria, and methods of independent testing.'),
(827, 'Recommend new or revised security, resilience, and dependability measures based on the results of reviews.'),
(828, 'Recommend resource allocations required to securely operate and maintain an organization’s information assurance (IA) requirements.'),
(829, 'Repair network connectivity problems.'),
(830, 'Report emerging trend findings.'),
(834, 'Resolve conflicts in laws, regulations, policies, standards, or procedures.'),
(835, 'Resolve hardware/software interface and interoperability problems.'),
(836, 'Review authorization and assurance documents to confirm that the level of risk is within acceptable limits for each software application, system, and network.'),
(838, 'Review existing and proposed policies with stakeholders.'),
(839, 'Review forensic images and other data sources for recovery of potentially relevant information.'),
(840, 'Review or conduct audits of information technology (IT) programs and projects.'),
(841, 'Review training documentation (e.g., Course Content Documents [CCD], lesson plans, student texts, examinations, Schedules of Instruction [SOI], and course descriptions).'),
(842, 'Revise curriculum end course content based on feedback from previous training sessions.'),
(843, 'Secure the electronic device or information source.'),
(845, 'Serve as an internal consultant and advisor in own area of expertise (e.g., technical, copyright, print media, electronic media, cartography).'),
(846, 'Serve as technical experts and liaisons to law enforcement personnel and explain incident details, provide testimony, etc.'),
(847, 'Serve on agency and interagency policy boards.'),
(848, 'Recommend policy and coordinate review and approval.'),
(850, 'Store, retrieve, and manipulate data for analysis of system capabilities and requirements.'),
(852, 'Supervise or manage protective or corrective measures when an information assurance (IA) incident or vulnerability is discovered.'),
(854, 'Support the Chief Information Officer (CIO) in the formulation of information technology (IT)-related policies.'),
(855, 'Support the design and execution of exercise scenarios.'),
(856, 'Provide support to security/certification test and evaluation activities.'),
(857, 'Test and maintain network infrastructure including software and hardware devices.'),
(858, 'Develop test bed environment to test and verify hardware and support peripherals to ensure that they meet specifications and requirements by recording and analyzing test data.'),
(859, 'Test computer system performance.'),
(860, 'Trace all system security requirements to design components.'),
(861, 'Track and document Enterprise Network Defense (END) incidents from initial detection through final resolution.'),
(862, 'Track audit findings and recommendations to ensure appropriate mitigation actions are taken.'),
(863, 'Translate functional requirements into technical solutions.'),
(865, 'Translate security requirements into application design elements, including documenting the elements of the software attack surfaces, conducting threat modeling, and defining any specific security criteria.'),
(866, 'Troubleshoot system hardware and software.'),
(868, 'Extract data using data carving techniques (e.g., Forensic Tool Kit [FTK], Foremost).'),
(869, 'Use federal and organization-specific published documents to manage operations of their computing environment system(s).'),
(870, 'Capture and analyze network traffic associated with malicious activities using network monitoring tools.'),
(871, 'Use specialized equipment and techniques to catalog, document, extract, collect, package, and preserve digital evidence.'),
(872, 'Resolve investigations through the  use of specialized computer investigative techniques and programs.'),
(874, 'Utilize models and simulations to analyze or predict system performance under different operating conditions.'),
(876, 'Verify and update security documentation reflecting the application/system security design features.'),
(877, 'Verify stability, interoperability, portability, or scalability of system architecture.'),
(878, 'Verify that application software/network/system security postures are implemented as stated, document deviations, and recommend required actions to correct those deviations.'),
(879, 'Verify that the software application/network/system accreditation and assurance documentation is current.'),
(880, 'Work with others to resolve computer security incidents and vulnerability compliance.'),
(882, 'Write and publish cyber defense techniques, guidance, and reports on incident findings to appropriate constituencies.'),
(884, 'Write information assurance (IA) policy and instructions.'),
(885, 'Write instructional materials (e.g., standard operating procedures, production manual) to provide detailed guidance to relevant portion of the workforce.'),
(919, 'Promote awareness of security issues among management and ensure sound security principles are reflected in the organization\'s vision and goals.'),
(925, 'Research current technology to understand capabilities of required system or network.'),
(927, 'Research and evaluate all available technologies and standards to meet customer requirements.'),
(934, 'Identify cyber capabilities strategies for custom hardware and software development based on mission requirements.'),
(936, 'Develop security compliance processes and/or audits for external services (e.g., cloud service providers, data centers).'),
(937, 'Inspect continuous monitoring results to confirm that the level of risk is within acceptable limits for the software application, network, or system.'),
(938, 'Ensure recovery and continuity plans are executable in the system operational environment.'),
(939, 'Conduct required reviews as appropriate within environment (e.g., Technical Surveillance, Countermeasure Reviews [TSCM], TEMPEST countermeasure reviews).'),
(940, 'Perform technical (evaluation of technology) and non-technical (evaluation of people and operations) risk and vulnerability assessments of relevant technology focus areas (e.g., local computing environment, network and infrastructure, enclave boundary, and supporting infrastructure).'),
(941, 'Assist with the selection of cost-effective security controls to mitigate risk (e.g., protection of information, systems and processes).'),
(944, 'Conduct cursory binary analysis.'),
(946, 'Ensure established cybersecurity strategy is intrinsically linked to organizational mission objectives.'),
(947, 'Oversee policy standards and implementation strategies to ensure procedures and guidelines comply with cybersecurity policies.'),
(948, 'Participate in Risk Governance process to provide security risks, mitigations, and input on other technical risk.'),
(949, 'Evaluate the effectiveness of procurement function in addressing information security requirements and supply chain risks through procurement activities and recommend improvements.'),
(951, 'Determine scope, infrastructure, resources, and data sample size to ensure system requirements are adequately demonstrated.'),
(953, 'Coordinate with human resources to ensure job announcements are written to reflect required training, education, and/or experience.'),
(955, 'Draft and publish a supply chain security and risk management policy.'),
(956, 'Provide timely detection, identification, and alerts of possible attacks/intrusions, anomalous activities, and misuse activities, and distinguish these incidents and events from benign activities.'),
(958, 'Use cyber defense tools for continual monitoring and analysis of system activity to identify malicious activity.'),
(959, 'Analyze identified malicious activity to determine weaknesses exploited, exploitation methods, and effects on system and information.'),
(960, 'Assist in identifying, prioritizing, and coordinating the protection of critical Enterprise Network Defense (END) infrastructure and key resources.'),
(961, 'Employ approved defense-in-depth principles and practices (e.g., defense-in-multiple places, layered defenses, security robustness).'),
(962, 'Identify security requirements specific to an information technology (IT) system in all phases of the system lifecycle.'),
(963, 'Ensure plans of actions and milestones or remediation plans are in place for vulnerabilities identified during risk assessments, audits, inspections, etc.'),
(964, 'Assure successful implementation and functionality of security requirements and appropriate information technology (IT) policies and procedures consistent with the organization\'s mission and goals.'),
(969, 'Perform penetration testing as required for new or updated applications.'),
(970, 'Apply defensive functions (e.g., encryption, access control, identity management) to reduce exploitation opportunities of supply chain vulnerabilities.'),
(971, 'Design countermeasures and mitigations against potential exploitations of programming language weaknesses and vulnerabilities in system and elements.'),
(972, 'Determine and document critical numbers of software patches or the extent of releases that would leave software vulnerable.'),
(997, 'Design and develop key management functions to support authentication, encryption, and digital signature capabilities (as related to information assurance [IA]).'),
(998, 'Analyze user needs and requirements to plan and conduct system security development around user experience (UX).'),
(999, 'Develop information assurance (IA) designs to meet specific operational needs and environmental factors (e.g., access controls, automated applications, networked operations, high integrity and availability requirements, multilevel security/processing of multiple classification levels, and processing Sensitive Compartmented Information [SCI]).'),
(1000, 'Ensure security design and information assurance (IA) development activities are properly documented, providing a functional description of security implementation, and updated as necessary.'),
(1003, 'Develop and document supply chain risks for critical system elements, as appropriate.'),
(1006, 'Create auditable evidence of security measures.'),
(1010, 'Determine appropriate course of action in response to identified and analyzed anomalous network activity.'),
(1016, 'Support necessary compliance activities (e.g., ensure system security configuration guidelines are followed; compliance monitoring occurs).'),
(1017, 'Participate in the acquisition process as necessary, following appropriate supply chain risk management practices.'),
(1018, 'Ensure all acquisitions, procurements, and outsourcing efforts address information security requirements consistent with organization goals.'),
(1023, 'Identify and track the status of protected information assets.'),
(1024, 'Apply knowledge of assessment data of identified threats to decision-making processes.'),
(1025, 'Triage protected assets.'),
(1026, 'Oversee development and implementation of high-level control architectures.'),
(1027, 'Translate applicable laws, statutes, and regulatory documents and integrate into policy.'),
(1030, 'Collect intrusion artifacts (e.g., source code, malware, trojans) and use discovered data to enable mitigation of potential Enterprise Network Defense (END) incidents within the enterprise.'),
(1031, 'Serve as technical expert and liaison to law enforcement personnel and explain incident details as required.'),
(1032, 'Continuously validate the organization against policies/guidelines/procedures/regulations/laws to ensure compliance.'),
(1035, 'Forecast ongoing service demands and ensure security assumptions are reviewed as necessary.'),
(1041, 'Define and/or implement policies and procedures to ensure protection of critical infrastructure as appropriate.'),
(1076, 'Collaborate with stakeholders to identify and/or develop appropriate solutions technology.'),
(1077, 'Design and develop new tools/technologies as related to information assurance (IA).'),
(1078, 'Troubleshoot prototype design and process issues throughout the product design, development, and post-launch phases.'),
(1079, 'Identify functional- and security-related features to find opportunities for new capability development to exploit or mitigate cyberspace vulnerabilities.'),
(1080, 'Identify and/or develop reverse engineering tools to detect cyberspace vulnerabilities.'),
(1081, 'Perform virus scanning on digital media.'),
(1082, 'Perform file system forensic analysis.'),
(1083, 'Perform static analysis to mount an "image" of a drive (without necessarily having the original drive).'),
(1084, 'Perform static malware analysis.'),
(1085, 'Utilize deployable forensics toolkit to support operations as necessary.'),
(1102, 'Conduct tests of information assurance (IA) safeguards in accordance with established test plans and procedures.'),
(1103, 'Determine tactics, techniques and procedures (TTPs) for intrusion sets.'),
(1104, 'Examine network topologies to understand data flows through the network.'),
(1105, 'Recommend computing environment vulnerability corrections.');
INSERT INTO `task` (`task_id`, `task_statement`) VALUES
(1107, 'Identify and analyze anomalies in network traffic using metadata.'),
(1108, 'Conduct research, analysis, and correlation across a wide variety of all source data sets (e.g., indications and warnings).'),
(1109, 'Validate Intrusion Detection System (IDS) alerts against network traffic using packet analysis tools.'),
(1110, 'Isolate and remove malware.'),
(1111, 'Identify application and operating systems of a network device based on network traffic.'),
(1112, 'Reconstruct a malicious attack or activity based on network traffic.'),
(1113, 'Identify network mapping and operating system fingerprinting activities.'),
(1143, 'Conduct import/export reviews for acquiring cryptographic systems.'),
(1144, 'Develop and document User Experience (UX) requirements including information architecture and user interface requirements.'),
(1145, 'Develop and implement credentialing and identity management programs.'),
(1146, 'Develop and Implement information assurance (IA) independent audit processes for application software/networks/systems and oversee ongoing independent audits to ensure that operational processes and procedures are in compliance with organizational and mandatory IA requirements and accurately followed by Systems Administrators and other cybersecurity staff when performing their day-to-day activities.'),
(1147, 'Develop cloud-based centralized cryptographic key management capability to support mobile workforce. '),
(1148, 'Develop contract language to ensure supply chain, system, network, and operational security are met.'),
(1149, 'Enable applications with public keying by leveraging existing public key infrastructure (PKI) libraries and incorporating certificate management and encryption functionalities.'),
(1150, 'Identify and leverage the enterprise-wide security services while designing and developing secure applications (e.g. Enterprise PKI, Federated Identity server, Enterprise AV solution).'),
(1151, 'Identify and leverage the enterprise-wide version control system while designing and developing secure applications.'),
(1152, 'Implement and integrate system development life cycle (SLDC) methodologies (e.g., IBM Rational Unified Process) into development environment.'),
(1153, 'Install, update, and troubleshoot virtual and remote access servers.'),
(1154, 'Performs configuration management, problem management, capacity management, and financial management for databases and data management systems.'),
(1155, 'Supports incident management, service level management, change management, release management, continuity management, and availability management for databases and data management systems.'),
(1156, 'Conduct and monitor Independent Validation and Verification (IV&V) testing for software applications and systems.');

-- --------------------------------------------------------

--
-- Stand-in structure for view `tcpip_and_osi_layer_models`
-- (See below for the actual view)
--
DROP VIEW IF EXISTS `tcpip_and_osi_layer_models`;
CREATE TABLE IF NOT EXISTS `tcpip_and_osi_layer_models` (
`know_id` int(11)
,`know_statement` text
,`ksa_id` int(15)
,`ksa_statement` text
,`ksa_competency` text
,`task_id` int(15)
,`task_statement` text
);

-- --------------------------------------------------------

--
-- Structure for view `generic_ksa`
--
DROP TABLE IF EXISTS `generic_ksa`;

CREATE ALGORITHM=UNDEFINED DEFINER=`root`@`localhost` SQL SECURITY DEFINER VIEW `generic_ksa`  AS  select `ksa`.`ksa_id` AS `ksa_id`,`ksa`.`ksa_statement` AS `ksa_statement`,`ksa`.`ksa_competency` AS `ksa_competency` from `ksa` where (`ksa`.`is_generic` = 1) order by `ksa`.`ksa_id` ;

-- --------------------------------------------------------

--
-- Structure for view `operating_systems`
--
DROP TABLE IF EXISTS `operating_systems`;

CREATE ALGORITHM=UNDEFINED DEFINER=`root`@`localhost` SQL SECURITY DEFINER VIEW `operating_systems`  AS  select `knowledge`.`know_id` AS `know_id`,`knowledge`.`know_statement` AS `know_statement`,`ksa`.`ksa_id` AS `ksa_id`,`ksa`.`ksa_statement` AS `ksa_statement`,`ksa`.`ksa_competency` AS `ksa_competency`,`task`.`task_id` AS `task_id`,`task`.`task_statement` AS `task_statement` from ((`knowledge` join `ksa` on((1 = 1))) join `task` on((1 = 1))) where ((`knowledge`.`know_view` = 'operating_systems') and (`ksa`.`ksa_id` = 90) and (`task`.`task_id` in (500,776,1111))) union all select `knowledge`.`know_id` AS `know_id`,`knowledge`.`know_statement` AS `know_statement`,`ksa`.`ksa_id` AS `ksa_id`,`ksa`.`ksa_statement` AS `ksa_statement`,`ksa`.`ksa_competency` AS `ksa_competency`,`task`.`task_id` AS `task_id`,`task`.`task_statement` AS `task_statement` from ((`knowledge` join `ksa` on((1 = 1))) join `task` on((1 = 1))) where ((`knowledge`.`know_view` = 'operating_systems') and (`ksa`.`ksa_id` = 113) and (`task`.`task_id` in (500,776,1111))) union all select `knowledge`.`know_id` AS `know_id`,`knowledge`.`know_statement` AS `know_statement`,`ksa`.`ksa_id` AS `ksa_id`,`ksa`.`ksa_statement` AS `ksa_statement`,`ksa`.`ksa_competency` AS `ksa_competency`,`task`.`task_id` AS `task_id`,`task`.`task_statement` AS `task_statement` from ((`knowledge` join `ksa` on((1 = 1))) join `task` on((1 = 1))) where ((`knowledge`.`know_view` = 'operating_systems') and (`ksa`.`ksa_id` = 127) and (`task`.`task_id` in (500,776,1111))) union all select `knowledge`.`know_id` AS `know_id`,`knowledge`.`know_statement` AS `know_statement`,`ksa`.`ksa_id` AS `ksa_id`,`ksa`.`ksa_statement` AS `ksa_statement`,`ksa`.`ksa_competency` AS `ksa_competency`,`task`.`task_id` AS `task_id`,`task`.`task_statement` AS `task_statement` from ((`knowledge` join `ksa` on((1 = 1))) join `task` on((1 = 1))) where ((`knowledge`.`know_view` = 'operating_systems') and (`ksa`.`ksa_id` = 219) and (`task`.`task_id` in (500,776,1111))) union all select `knowledge`.`know_id` AS `know_id`,`knowledge`.`know_statement` AS `know_statement`,`ksa`.`ksa_id` AS `ksa_id`,`ksa`.`ksa_statement` AS `ksa_statement`,`ksa`.`ksa_competency` AS `ksa_competency`,`task`.`task_id` AS `task_id`,`task`.`task_statement` AS `task_statement` from ((`knowledge` join `ksa` on((1 = 1))) join `task` on((1 = 1))) where ((`knowledge`.`know_view` = 'operating_systems') and (`ksa`.`ksa_id` = 286) and (`task`.`task_id` in (500,776,1111))) union all select `knowledge`.`know_id` AS `know_id`,`knowledge`.`know_statement` AS `know_statement`,`ksa`.`ksa_id` AS `ksa_id`,`ksa`.`ksa_statement` AS `ksa_statement`,`ksa`.`ksa_competency` AS `ksa_competency`,`task`.`task_id` AS `task_id`,`task`.`task_statement` AS `task_statement` from ((`knowledge` join `ksa` on((1 = 1))) join `task` on((1 = 1))) where ((`knowledge`.`know_view` = 'operating_systems') and (`ksa`.`ksa_id` = 287) and (`task`.`task_id` in (500,776,1111))) union all select `knowledge`.`know_id` AS `know_id`,`knowledge`.`know_statement` AS `know_statement`,`ksa`.`ksa_id` AS `ksa_id`,`ksa`.`ksa_statement` AS `ksa_statement`,`ksa`.`ksa_competency` AS `ksa_competency`,`task`.`task_id` AS `task_id`,`task`.`task_statement` AS `task_statement` from ((`knowledge` join `ksa` on((1 = 1))) join `task` on((1 = 1))) where ((`knowledge`.`know_view` = 'operating_systems') and (`ksa`.`ksa_id` = 344) and (`task`.`task_id` in (500,776,1111))) union all select `knowledge`.`know_id` AS `know_id`,`knowledge`.`know_statement` AS `know_statement`,`ksa`.`ksa_id` AS `ksa_id`,`ksa`.`ksa_statement` AS `ksa_statement`,`ksa`.`ksa_competency` AS `ksa_competency`,`task`.`task_id` AS `task_id`,`task`.`task_statement` AS `task_statement` from ((`knowledge` join `ksa` on((1 = 1))) join `task` on((1 = 1))) where ((`knowledge`.`know_view` = 'operating_systems') and (`ksa`.`ksa_id` = 347) and (`task`.`task_id` in (500,776,1111))) union all select `knowledge`.`know_id` AS `know_id`,`knowledge`.`know_statement` AS `know_statement`,`ksa`.`ksa_id` AS `ksa_id`,`ksa`.`ksa_statement` AS `ksa_statement`,`ksa`.`ksa_competency` AS `ksa_competency`,`task`.`task_id` AS `task_id`,`task`.`task_statement` AS `task_statement` from ((`knowledge` join `ksa` on((1 = 1))) join `task` on((1 = 1))) where ((`knowledge`.`know_view` = 'operating_systems') and (`ksa`.`ksa_id` = 364) and (`task`.`task_id` in (500,776,1111))) union all select `knowledge`.`know_id` AS `know_id`,`knowledge`.`know_statement` AS `know_statement`,`ksa`.`ksa_id` AS `ksa_id`,`ksa`.`ksa_statement` AS `ksa_statement`,`ksa`.`ksa_competency` AS `ksa_competency`,`task`.`task_id` AS `task_id`,`task`.`task_statement` AS `task_statement` from ((`knowledge` join `ksa` on((1 = 1))) join `task` on((1 = 1))) where ((`knowledge`.`know_view` = 'operating_systems') and (`ksa`.`ksa_id` = 371) and (`task`.`task_id` in (500,776,1111))) union all select `knowledge`.`know_id` AS `know_id`,`knowledge`.`know_statement` AS `know_statement`,`ksa`.`ksa_id` AS `ksa_id`,`ksa`.`ksa_statement` AS `ksa_statement`,`ksa`.`ksa_competency` AS `ksa_competency`,`task`.`task_id` AS `task_id`,`task`.`task_statement` AS `task_statement` from ((`knowledge` join `ksa` on((1 = 1))) join `task` on((1 = 1))) where ((`knowledge`.`know_view` = 'operating_systems') and (`ksa`.`ksa_id` = 386) and (`task`.`task_id` in (500,776,1111))) union all select `knowledge`.`know_id` AS `know_id`,`knowledge`.`know_statement` AS `know_statement`,`ksa`.`ksa_id` AS `ksa_id`,`ksa`.`ksa_statement` AS `ksa_statement`,`ksa`.`ksa_competency` AS `ksa_competency`,`task`.`task_id` AS `task_id`,`task`.`task_statement` AS `task_statement` from ((`knowledge` join `ksa` on((1 = 1))) join `task` on((1 = 1))) where ((`knowledge`.`know_view` = 'operating_systems') and (`ksa`.`ksa_id` = 1008) and (`task`.`task_id` in (500,776,1111))) union all select `knowledge`.`know_id` AS `know_id`,`knowledge`.`know_statement` AS `know_statement`,`ksa`.`ksa_id` AS `ksa_id`,`ksa`.`ksa_statement` AS `ksa_statement`,`ksa`.`ksa_competency` AS `ksa_competency`,`task`.`task_id` AS `task_id`,`task`.`task_statement` AS `task_statement` from ((`knowledge` join `ksa` on((1 = 1))) join `task` on((1 = 1))) where ((`knowledge`.`know_view` = 'operating_systems') and (`ksa`.`ksa_id` = 1063) and (`task`.`task_id` in (500,776,1111))) union all select `knowledge`.`know_id` AS `know_id`,`knowledge`.`know_statement` AS `know_statement`,`ksa`.`ksa_id` AS `ksa_id`,`ksa`.`ksa_statement` AS `ksa_statement`,`ksa`.`ksa_competency` AS `ksa_competency`,`task`.`task_id` AS `task_id`,`task`.`task_statement` AS `task_statement` from ((`knowledge` join `ksa` on((1 = 1))) join `task` on((1 = 1))) where ((`knowledge`.`know_view` = 'operating_systems') and (`ksa`.`ksa_id` = 1117) and (`task`.`task_id` in (500,776,1111))) union all select `knowledge`.`know_id` AS `know_id`,`knowledge`.`know_statement` AS `know_statement`,`ksa`.`ksa_id` AS `ksa_id`,`ksa`.`ksa_statement` AS `ksa_statement`,`ksa`.`ksa_competency` AS `ksa_competency`,`task`.`task_id` AS `task_id`,`task`.`task_statement` AS `task_statement` from ((`knowledge` join `ksa` on((1 = 1))) join `task` on((1 = 1))) where ((`knowledge`.`know_view` = 'operating_systems') and (`ksa`.`ksa_id` = 1121) and (`task`.`task_id` in (500,776,1111))) ;

-- --------------------------------------------------------

--
-- Structure for view `software_design_and_development`
--
DROP TABLE IF EXISTS `software_design_and_development`;

CREATE ALGORITHM=UNDEFINED DEFINER=`root`@`localhost` SQL SECURITY DEFINER VIEW `software_design_and_development`  AS  select `knowledge`.`know_id` AS `know_id`,`knowledge`.`know_statement` AS `know_statement`,`ksa`.`ksa_id` AS `ksa_id`,`ksa`.`ksa_statement` AS `ksa_statement`,`ksa`.`ksa_competency` AS `ksa_competency`,`task`.`task_id` AS `task_id`,`task`.`task_statement` AS `task_statement` from ((`knowledge` join `ksa` on((1 = 1))) join `task` on((1 = 1))) where ((`knowledge`.`know_view` = 'software_design_and_development') and (`ksa`.`ksa_id` = 117) and (`task`.`task_id` in (644,934))) union all select `knowledge`.`know_id` AS `know_id`,`knowledge`.`know_statement` AS `know_statement`,`ksa`.`ksa_id` AS `ksa_id`,`ksa`.`ksa_statement` AS `ksa_statement`,`ksa`.`ksa_competency` AS `ksa_competency`,`task`.`task_id` AS `task_id`,`task`.`task_statement` AS `task_statement` from ((`knowledge` join `ksa` on((1 = 1))) join `task` on((1 = 1))) where ((`knowledge`.`know_view` = 'software_design_and_development') and (`ksa`.`ksa_id` = 56) and (`task`.`task_id` in (494,511))) union all select `knowledge`.`know_id` AS `know_id`,`knowledge`.`know_statement` AS `know_statement`,`ksa`.`ksa_id` AS `ksa_id`,`ksa`.`ksa_statement` AS `ksa_statement`,`ksa`.`ksa_competency` AS `ksa_competency`,`task`.`task_id` AS `task_id`,`task`.`task_statement` AS `task_statement` from ((`knowledge` join `ksa` on((1 = 1))) join `task` on((1 = 1))) where ((`knowledge`.`know_view` = 'software_design_and_development') and (`ksa`.`ksa_id` = 116) and (`task`.`task_id` in (644,934))) union all select `knowledge`.`know_id` AS `know_id`,`knowledge`.`know_statement` AS `know_statement`,`ksa`.`ksa_id` AS `ksa_id`,`ksa`.`ksa_statement` AS `ksa_statement`,`ksa`.`ksa_competency` AS `ksa_competency`,`task`.`task_id` AS `task_id`,`task`.`task_statement` AS `task_statement` from ((`knowledge` join `ksa` on((1 = 1))) join `task` on((1 = 1))) where ((`knowledge`.`know_view` = 'software_design_and_development') and (`ksa`.`ksa_id` = 118) and (`task`.`task_id` in (548,645))) union all select `knowledge`.`know_id` AS `know_id`,`knowledge`.`know_statement` AS `know_statement`,`ksa`.`ksa_id` AS `ksa_id`,`ksa`.`ksa_statement` AS `ksa_statement`,`ksa`.`ksa_competency` AS `ksa_competency`,`task`.`task_id` AS `task_id`,`task`.`task_statement` AS `task_statement` from ((`knowledge` join `ksa` on((1 = 1))) join `task` on((1 = 1))) where ((`knowledge`.`know_view` = 'software_design_and_development') and (`ksa`.`ksa_id` = 168) and (`task`.`task_id` in (644,934))) union all select `knowledge`.`know_id` AS `know_id`,`knowledge`.`know_statement` AS `know_statement`,`ksa`.`ksa_id` AS `ksa_id`,`ksa`.`ksa_statement` AS `ksa_statement`,`ksa`.`ksa_competency` AS `ksa_competency`,`task`.`task_id` AS `task_id`,`task`.`task_statement` AS `task_statement` from ((`knowledge` join `ksa` on((1 = 1))) join `task` on((1 = 1))) where ((`knowledge`.`know_view` = 'software_design_and_development') and (`ksa`.`ksa_id` = 185) and (`task`.`task_id` = 644)) union all select `knowledge`.`know_id` AS `know_id`,`knowledge`.`know_statement` AS `know_statement`,`ksa`.`ksa_id` AS `ksa_id`,`ksa`.`ksa_statement` AS `ksa_statement`,`ksa`.`ksa_competency` AS `ksa_competency`,`task`.`task_id` AS `task_id`,`task`.`task_statement` AS `task_statement` from ((`knowledge` join `ksa` on((1 = 1))) join `task` on((1 = 1))) where ((`knowledge`.`know_view` = 'software_design_and_development') and (`ksa`.`ksa_id` = 973) and (`task`.`task_id` = 644)) union all select `knowledge`.`know_id` AS `know_id`,`knowledge`.`know_statement` AS `know_statement`,`ksa`.`ksa_id` AS `ksa_id`,`ksa`.`ksa_statement` AS `ksa_statement`,`ksa`.`ksa_competency` AS `ksa_competency`,`task`.`task_id` AS `task_id`,`task`.`task_statement` AS `task_statement` from ((`knowledge` join `ksa` on((1 = 1))) join `task` on((1 = 1))) where ((`knowledge`.`know_view` = 'software_design_and_development') and (`ksa`.`ksa_id` = 1047) and (`task`.`task_id` = 934)) union all select `knowledge`.`know_id` AS `know_id`,`knowledge`.`know_statement` AS `know_statement`,`ksa`.`ksa_id` AS `ksa_id`,`ksa`.`ksa_statement` AS `ksa_statement`,`ksa`.`ksa_competency` AS `ksa_competency`,`task`.`task_id` AS `task_id`,`task`.`task_statement` AS `task_statement` from ((`knowledge` join `ksa` on((1 = 1))) join `task` on((1 = 1))) where ((`knowledge`.`know_view` = 'software_design_and_development') and (`ksa`.`ksa_id` = 1055) and (`task`.`task_id` = 934)) union all select `knowledge`.`know_id` AS `know_id`,`knowledge`.`know_statement` AS `know_statement`,`ksa`.`ksa_id` AS `ksa_id`,`ksa`.`ksa_statement` AS `ksa_statement`,`ksa`.`ksa_competency` AS `ksa_competency`,`task`.`task_id` AS `task_id`,`task`.`task_statement` AS `task_statement` from ((`knowledge` join `ksa` on((1 = 1))) join `task` on((1 = 1))) where ((`knowledge`.`know_view` = 'software_design_and_development') and (`ksa`.`ksa_id` = 1094) and (`task`.`task_id` = 644)) union all select `knowledge`.`know_id` AS `know_id`,`knowledge`.`know_statement` AS `know_statement`,`ksa`.`ksa_id` AS `ksa_id`,`ksa`.`ksa_statement` AS `ksa_statement`,`ksa`.`ksa_competency` AS `ksa_competency`,`task`.`task_id` AS `task_id`,`task`.`task_statement` AS `task_statement` from ((`knowledge` join `ksa` on((1 = 1))) join `task` on((1 = 1))) where ((`knowledge`.`know_view` = 'software_design_and_development') and (`ksa`.`ksa_id` = 1140) and (`task`.`task_id` in (970,997,1149))) ;

-- --------------------------------------------------------

--
-- Structure for view `tcpip_and_osi_layer_models`
--
DROP TABLE IF EXISTS `tcpip_and_osi_layer_models`;

CREATE ALGORITHM=UNDEFINED DEFINER=`root`@`localhost` SQL SECURITY DEFINER VIEW `tcpip_and_osi_layer_models`  AS  select `knowledge`.`know_id` AS `know_id`,`knowledge`.`know_statement` AS `know_statement`,`ksa`.`ksa_id` AS `ksa_id`,`ksa`.`ksa_statement` AS `ksa_statement`,`ksa`.`ksa_competency` AS `ksa_competency`,`task`.`task_id` AS `task_id`,`task`.`task_statement` AS `task_statement` from ((`knowledge` join `ksa` on((1 = 1))) join `task` on((1 = 1))) where ((`knowledge`.`know_view` = 'tcpip_and_osi_layer_models') and (`ksa`.`ksa_id` = 81) and (`task`.`task_id` in (802,495))) union all select `knowledge`.`know_id` AS `know_id`,`knowledge`.`know_statement` AS `know_statement`,`ksa`.`ksa_id` AS `ksa_id`,`ksa`.`ksa_statement` AS `ksa_statement`,`ksa`.`ksa_competency` AS `ksa_competency`,`task`.`task_id` AS `task_id`,`task`.`task_statement` AS `task_statement` from ((`knowledge` join `ksa` on((1 = 1))) join `task` on((1 = 1))) where ((`knowledge`.`know_view` = 'tcpip_and_osi_layer_models') and (`ksa`.`ksa_id` = 92) and (`task`.`task_id` = 1041)) union all select `knowledge`.`know_id` AS `know_id`,`knowledge`.`know_statement` AS `know_statement`,`ksa`.`ksa_id` AS `ksa_id`,`ksa`.`ksa_statement` AS `ksa_statement`,`ksa`.`ksa_competency` AS `ksa_competency`,`task`.`task_id` AS `task_id`,`task`.`task_statement` AS `task_statement` from ((`knowledge` join `ksa` on((1 = 1))) join `task` on((1 = 1))) where ((`knowledge`.`know_view` = 'tcpip_and_osi_layer_models') and (`ksa`.`ksa_id` = 139) and (`task`.`task_id` = 0)) union all select `knowledge`.`know_id` AS `know_id`,`knowledge`.`know_statement` AS `know_statement`,`ksa`.`ksa_id` AS `ksa_id`,`ksa`.`ksa_statement` AS `ksa_statement`,`ksa`.`ksa_competency` AS `ksa_competency`,`task`.`task_id` AS `task_id`,`task`.`task_statement` AS `task_statement` from ((`knowledge` join `ksa` on((1 = 1))) join `task` on((1 = 1))) where ((`knowledge`.`know_view` = 'tcpip_and_osi_layer_models') and (`ksa`.`ksa_id` = 214) and (`task`.`task_id` = 0)) ;

--
-- Constraints for dumped tables
--

--
-- Constraints for table `specialty_area`
--
ALTER TABLE `specialty_area`
  ADD CONSTRAINT `Spec_Category_FK` FOREIGN KEY (`cat_id`) REFERENCES `category` (`cat_id`);

--
-- Constraints for table `spec_job`
--
ALTER TABLE `spec_job`
  ADD CONSTRAINT `Job_Spec_FK` FOREIGN KEY (`job_id`) REFERENCES `job_sample` (`job_id`),
  ADD CONSTRAINT `Spec_Job_FK` FOREIGN KEY (`spec_id`) REFERENCES `specialty_area` (`spec_id`);

--
-- Constraints for table `spec_ksa`
--
ALTER TABLE `spec_ksa`
  ADD CONSTRAINT `Spec_ksa_FK` FOREIGN KEY (`spec_id`) REFERENCES `specialty_area` (`spec_id`),
  ADD CONSTRAINT `ksa_Spec_FK` FOREIGN KEY (`ksa_id`) REFERENCES `ksa` (`ksa_id`);

--
-- Constraints for table `spec_task`
--
ALTER TABLE `spec_task`
  ADD CONSTRAINT `Spec_Task_FK` FOREIGN KEY (`spec_id`) REFERENCES `specialty_area` (`spec_id`),
  ADD CONSTRAINT `Task_Spec_FK` FOREIGN KEY (`task_id`) REFERENCES `task` (`task_id`);

/*!40101 SET CHARACTER_SET_CLIENT=@OLD_CHARACTER_SET_CLIENT */;
/*!40101 SET CHARACTER_SET_RESULTS=@OLD_CHARACTER_SET_RESULTS */;
/*!40101 SET COLLATION_CONNECTION=@OLD_COLLATION_CONNECTION */;
